x_unreal_m,y_unreal_m,quota_relativa_m,attore
200.0,-500.0,70.084,LandscapeStreamingProxy_2_1_0
200.0,-475.0,70.092,LandscapeStreamingProxy_2_1_0
200.0,-450.0,70.975,LandscapeStreamingProxy_2_1_0
200.0,-425.0,77.39,LandscapeStreamingProxy_2_1_0
200.0,-400.0,79.999,LandscapeStreamingProxy_2_1_0
200.0,-375.0,79.999,LandscapeStreamingProxy_2_1_0
200.0,-350.0,79.999,LandscapeStreamingProxy_2_1_0
200.0,-325.0,79.999,LandscapeStreamingProxy_2_1_0
200.0,-300.0,79.999,LandscapeStreamingProxy_2_1_0
200.0,-275.0,80.312,LandscapeStreamingProxy_2_1_0
200.0,-250.0,98.56,LandscapeStreamingProxy_2_1_0
200.0,-225.0,99.998,LandscapeStreamingProxy_2_1_0
200.0,-200.0,99.998,LandscapeStreamingProxy_2_1_0
200.0,-175.0,99.998,LandscapeStreamingProxy_2_1_0
200.0,-150.0,133.373,LandscapeStreamingProxy_2_1_0
200.0,-125.0,147.365,LandscapeStreamingProxy_2_1_0
200.0,-100.0,99.998,LandscapeStreamingProxy_2_1_0
200.0,-75.0,99.998,LandscapeStreamingProxy_2_1_0
200.0,-50.0,99.998,LandscapeStreamingProxy_2_1_0
200.0,-25.0,99.998,LandscapeStreamingProxy_2_1_0
200.0,0.0,159.179,LandscapeStreamingProxy_2_1_0
200.0,25.0,100.0,LandscapeStreamingProxy_2_2_0
200.0,50.0,157.101,LandscapeStreamingProxy_2_2_0
200.0,75.0,157.211,LandscapeStreamingProxy_2_2_0
200.0,100.0,101.405,LandscapeStreamingProxy_2_2_0
200.0,125.0,153.289,LandscapeStreamingProxy_2_2_0
200.0,150.0,100.0,LandscapeStreamingProxy_2_2_0
200.0,175.0,148.07,LandscapeStreamingProxy_2_2_0
200.0,200.0,144.742,LandscapeStreamingProxy_2_2_0
200.0,225.0,138.984,LandscapeStreamingProxy_2_2_0
200.0,250.0,100.0,LandscapeStreamingProxy_2_2_0
200.0,275.0,100.0,LandscapeStreamingProxy_2_2_0
200.0,300.0,100.0,LandscapeStreamingProxy_2_2_0
200.0,325.0,100.0,LandscapeStreamingProxy_2_2_0
200.0,350.0,117.219,LandscapeStreamingProxy_2_2_0
200.0,375.0,112.21,LandscapeStreamingProxy_2_2_0
200.0,400.0,112.21,LandscapeStreamingProxy_2_2_0
200.0,425.0,100.0,LandscapeStreamingProxy_2_2_0
200.0,450.0,100.0,LandscapeStreamingProxy_2_2_0
200.0,475.0,100.0,LandscapeStreamingProxy_2_2_0
200.0,500.0,110.242,LandscapeStreamingProxy_2_2_0
225.0,-500.0,70.092,LandscapeStreamingProxy_2_1_0
225.0,-475.0,70.304,LandscapeStreamingProxy_2_1_0
225.0,-450.0,79.999,LandscapeStreamingProxy_2_1_0
225.0,-425.0,79.999,LandscapeStreamingProxy_2_1_0
225.0,-400.0,79.999,LandscapeStreamingProxy_2_1_0
225.0,-375.0,79.999,LandscapeStreamingProxy_2_1_0
225.0,-350.0,79.999,LandscapeStreamingProxy_2_1_0
225.0,-325.0,79.999,LandscapeStreamingProxy_2_1_0
225.0,-300.0,79.999,LandscapeStreamingProxy_2_1_0
225.0,-275.0,98.5,LandscapeStreamingProxy_2_1_0
225.0,-250.0,98.656,LandscapeStreamingProxy_2_1_0
225.0,-225.0,99.998,LandscapeStreamingProxy_2_1_0
225.0,-200.0,99.998,LandscapeStreamingProxy_2_1_0
225.0,-175.0,99.998,LandscapeStreamingProxy_2_1_0
225.0,-150.0,99.998,LandscapeStreamingProxy_2_1_0
225.0,-125.0,142.562,LandscapeStreamingProxy_2_1_0
225.0,-100.0,146.031,LandscapeStreamingProxy_2_1_0
225.0,-75.0,99.998,LandscapeStreamingProxy_2_1_0
225.0,-50.0,99.998,LandscapeStreamingProxy_2_1_0
225.0,-25.0,99.998,LandscapeStreamingProxy_2_1_0
225.0,0.0,100.0,LandscapeStreamingProxy_2_2_0
225.0,25.0,100.0,LandscapeStreamingProxy_2_2_0
225.0,50.0,157.101,LandscapeStreamingProxy_2_2_0
225.0,75.0,157.109,LandscapeStreamingProxy_2_2_0
225.0,100.0,155.335,LandscapeStreamingProxy_2_2_0
225.0,125.0,100.0,LandscapeStreamingProxy_2_2_0
225.0,150.0,148.07,LandscapeStreamingProxy_2_2_0
225.0,175.0,139.46,LandscapeStreamingProxy_2_2_0
225.0,200.0,139.46,LandscapeStreamingProxy_2_2_0
225.0,225.0,139.46,LandscapeStreamingProxy_2_2_0
225.0,250.0,100.0,LandscapeStreamingProxy_2_2_0
225.0,275.0,127.344,LandscapeStreamingProxy_2_2_0
225.0,300.0,100.0,LandscapeStreamingProxy_2_2_0
225.0,325.0,100.0,LandscapeStreamingProxy_2_2_0
225.0,350.0,117.219,LandscapeStreamingProxy_2_2_0
225.0,375.0,100.0,LandscapeStreamingProxy_2_2_0
225.0,400.0,112.21,LandscapeStreamingProxy_2_2_0
225.0,425.0,110.242,LandscapeStreamingProxy_2_2_0
225.0,450.0,110.242,LandscapeStreamingProxy_2_2_0
225.0,475.0,110.242,LandscapeStreamingProxy_2_2_0
225.0,500.0,110.242,LandscapeStreamingProxy_2_2_0
250.0,-500.0,70.975,LandscapeStreamingProxy_2_1_0
250.0,-475.0,79.999,LandscapeStreamingProxy_2_1_0
250.0,-450.0,79.999,LandscapeStreamingProxy_2_1_0
250.0,-425.0,79.999,LandscapeStreamingProxy_2_1_0
250.0,-400.0,79.999,LandscapeStreamingProxy_2_1_0
250.0,-375.0,79.999,LandscapeStreamingProxy_2_1_0
250.0,-350.0,79.999,LandscapeStreamingProxy_2_1_0
250.0,-325.0,79.999,LandscapeStreamingProxy_2_1_0
250.0,-300.0,98.287,LandscapeStreamingProxy_2_1_0
250.0,-275.0,98.5,LandscapeStreamingProxy_2_1_0
250.0,-250.0,99.531,LandscapeStreamingProxy_2_1_0
250.0,-225.0,99.998,LandscapeStreamingProxy_2_1_0
250.0,-200.0,99.998,LandscapeStreamingProxy_2_1_0
250.0,-175.0,99.998,LandscapeStreamingProxy_2_1_0
250.0,-150.0,99.998,LandscapeStreamingProxy_2_1_0
250.0,-125.0,120.397,LandscapeStreamingProxy_2_1_0
250.0,-100.0,146.031,LandscapeStreamingProxy_2_1_0
250.0,-75.0,146.421,LandscapeStreamingProxy_2_1_0
250.0,-50.0,148.147,LandscapeStreamingProxy_2_1_0
250.0,-25.0,118.498,LandscapeStreamingProxy_2_1_0
250.0,0.0,100.0,LandscapeStreamingProxy_2_2_0
250.0,25.0,100.0,LandscapeStreamingProxy_2_2_0
250.0,50.0,118.468,LandscapeStreamingProxy_2_2_0
250.0,75.0,157.101,LandscapeStreamingProxy_2_2_0
250.0,100.0,146.898,LandscapeStreamingProxy_2_2_0
250.0,125.0,148.07,LandscapeStreamingProxy_2_2_0
250.0,150.0,139.46,LandscapeStreamingProxy_2_2_0
250.0,175.0,139.46,LandscapeStreamingProxy_2_2_0
250.0,200.0,139.46,LandscapeStreamingProxy_2_2_0
250.0,225.0,139.46,LandscapeStreamingProxy_2_2_0
250.0,250.0,100.0,LandscapeStreamingProxy_2_2_0
250.0,275.0,127.344,LandscapeStreamingProxy_2_2_0
250.0,300.0,100.0,LandscapeStreamingProxy_2_2_0
250.0,325.0,116.078,LandscapeStreamingProxy_2_2_0
250.0,350.0,100.0,LandscapeStreamingProxy_2_2_0
250.0,375.0,100.0,LandscapeStreamingProxy_2_2_0
250.0,400.0,112.21,LandscapeStreamingProxy_2_2_0
250.0,425.0,110.242,LandscapeStreamingProxy_2_2_0
250.0,450.0,110.242,LandscapeStreamingProxy_2_2_0
250.0,475.0,110.242,LandscapeStreamingProxy_2_2_0
250.0,500.0,110.242,LandscapeStreamingProxy_2_2_0
275.0,-500.0,79.999,LandscapeStreamingProxy_2_1_0
275.0,-475.0,80.036,LandscapeStreamingProxy_2_1_0
275.0,-450.0,79.999,LandscapeStreamingProxy_2_1_0
275.0,-425.0,79.999,LandscapeStreamingProxy_2_1_0
275.0,-400.0,79.999,LandscapeStreamingProxy_2_1_0
275.0,-375.0,79.999,LandscapeStreamingProxy_2_1_0
275.0,-350.0,79.999,LandscapeStreamingProxy_2_1_0
275.0,-325.0,80.108,LandscapeStreamingProxy_2_1_0
275.0,-300.0,98.5,LandscapeStreamingProxy_2_1_0
275.0,-275.0,98.5,LandscapeStreamingProxy_2_1_0
275.0,-250.0,98.5,LandscapeStreamingProxy_2_1_0
275.0,-225.0,99.998,LandscapeStreamingProxy_2_1_0
275.0,-200.0,99.998,LandscapeStreamingProxy_2_1_0
275.0,-175.0,99.998,LandscapeStreamingProxy_2_1_0
275.0,-150.0,99.998,LandscapeStreamingProxy_2_1_0
275.0,-125.0,99.998,LandscapeStreamingProxy_2_1_0
275.0,-100.0,118.498,LandscapeStreamingProxy_2_1_0
275.0,-75.0,122.85,LandscapeStreamingProxy_2_1_0
275.0,-50.0,99.998,LandscapeStreamingProxy_2_1_0
275.0,-25.0,118.498,LandscapeStreamingProxy_2_1_0
275.0,0.0,140.03,LandscapeStreamingProxy_2_2_0
275.0,25.0,140.0,LandscapeStreamingProxy_2_2_0
275.0,50.0,154.546,LandscapeStreamingProxy_2_2_0
275.0,75.0,156.976,LandscapeStreamingProxy_2_2_0
275.0,100.0,146.898,LandscapeStreamingProxy_2_2_0
275.0,125.0,146.898,LandscapeStreamingProxy_2_2_0
275.0,150.0,146.898,LandscapeStreamingProxy_2_2_0
275.0,175.0,139.992,LandscapeStreamingProxy_2_2_0
275.0,200.0,139.46,LandscapeStreamingProxy_2_2_0
275.0,225.0,139.46,LandscapeStreamingProxy_2_2_0
275.0,250.0,100.0,LandscapeStreamingProxy_2_2_0
275.0,275.0,100.0,LandscapeStreamingProxy_2_2_0
275.0,300.0,127.344,LandscapeStreamingProxy_2_2_0
275.0,325.0,117.219,LandscapeStreamingProxy_2_2_0
275.0,350.0,100.0,LandscapeStreamingProxy_2_2_0
275.0,375.0,117.219,LandscapeStreamingProxy_2_2_0
275.0,400.0,112.21,LandscapeStreamingProxy_2_2_0
275.0,425.0,110.242,LandscapeStreamingProxy_2_2_0
275.0,450.0,110.242,LandscapeStreamingProxy_2_2_0
275.0,475.0,110.242,LandscapeStreamingProxy_2_2_0
275.0,500.0,110.242,LandscapeStreamingProxy_2_2_0
300.0,-500.0,79.999,LandscapeStreamingProxy_2_1_0
300.0,-475.0,79.999,LandscapeStreamingProxy_2_1_0
300.0,-450.0,79.999,LandscapeStreamingProxy_2_1_0
300.0,-425.0,79.999,LandscapeStreamingProxy_2_1_0
300.0,-400.0,79.999,LandscapeStreamingProxy_2_1_0
300.0,-375.0,79.999,LandscapeStreamingProxy_2_1_0
300.0,-350.0,80.023,LandscapeStreamingProxy_2_1_0
300.0,-325.0,98.5,LandscapeStreamingProxy_2_1_0
300.0,-300.0,98.5,LandscapeStreamingProxy_2_1_0
300.0,-275.0,98.5,LandscapeStreamingProxy_2_1_0
300.0,-250.0,98.5,LandscapeStreamingProxy_2_1_0
300.0,-225.0,99.998,LandscapeStreamingProxy_2_1_0
300.0,-200.0,99.998,LandscapeStreamingProxy_2_1_0
300.0,-175.0,99.998,LandscapeStreamingProxy_2_1_0
300.0,-150.0,99.998,LandscapeStreamingProxy_2_1_0
300.0,-125.0,99.998,LandscapeStreamingProxy_2_1_0
300.0,-100.0,99.998,LandscapeStreamingProxy_2_1_0
300.0,-75.0,99.998,LandscapeStreamingProxy_2_1_0
300.0,-50.0,99.998,LandscapeStreamingProxy_2_1_0
300.0,-25.0,99.998,LandscapeStreamingProxy_2_1_0
300.0,0.0,100.0,LandscapeStreamingProxy_2_2_0
300.0,25.0,100.0,LandscapeStreamingProxy_2_2_0
300.0,50.0,100.0,LandscapeStreamingProxy_2_2_0
300.0,75.0,158.031,LandscapeStreamingProxy_2_2_0
300.0,100.0,146.898,LandscapeStreamingProxy_2_2_0
300.0,125.0,146.898,LandscapeStreamingProxy_2_2_0
300.0,150.0,146.898,LandscapeStreamingProxy_2_2_0
300.0,175.0,139.46,LandscapeStreamingProxy_2_2_0
300.0,200.0,139.46,LandscapeStreamingProxy_2_2_0
300.0,225.0,139.46,LandscapeStreamingProxy_2_2_0
300.0,250.0,139.015,LandscapeStreamingProxy_2_2_0
300.0,275.0,100.0,LandscapeStreamingProxy_2_2_0
300.0,300.0,100.0,LandscapeStreamingProxy_2_2_0
300.0,325.0,127.344,LandscapeStreamingProxy_2_2_0
300.0,350.0,117.219,LandscapeStreamingProxy_2_2_0
300.0,375.0,117.219,LandscapeStreamingProxy_2_2_0
300.0,400.0,112.21,LandscapeStreamingProxy_2_2_0
300.0,425.0,109.57,LandscapeStreamingProxy_2_2_0
300.0,450.0,100.0,LandscapeStreamingProxy_2_2_0
300.0,475.0,100.0,LandscapeStreamingProxy_2_2_0
300.0,500.0,100.0,LandscapeStreamingProxy_2_2_0
325.0,-500.0,79.999,LandscapeStreamingProxy_2_1_0
325.0,-475.0,79.999,LandscapeStreamingProxy_2_1_0
325.0,-450.0,79.999,LandscapeStreamingProxy_2_1_0
325.0,-425.0,79.999,LandscapeStreamingProxy_2_1_0
325.0,-400.0,79.999,LandscapeStreamingProxy_2_1_0
325.0,-375.0,83.773,LandscapeStreamingProxy_2_1_0
325.0,-350.0,98.5,LandscapeStreamingProxy_2_1_0
325.0,-325.0,98.5,LandscapeStreamingProxy_2_1_0
325.0,-300.0,98.5,LandscapeStreamingProxy_2_1_0
325.0,-275.0,98.436,LandscapeStreamingProxy_2_1_0
325.0,-250.0,99.998,LandscapeStreamingProxy_2_1_0
325.0,-225.0,99.998,LandscapeStreamingProxy_2_1_0
325.0,-200.0,99.998,LandscapeStreamingProxy_2_1_0
325.0,-175.0,99.998,LandscapeStreamingProxy_2_1_0
325.0,-150.0,99.998,LandscapeStreamingProxy_2_1_0
325.0,-125.0,99.998,LandscapeStreamingProxy_2_1_0
325.0,-100.0,99.998,LandscapeStreamingProxy_2_1_0
325.0,-75.0,99.998,LandscapeStreamingProxy_2_1_0
325.0,-50.0,99.998,LandscapeStreamingProxy_2_1_0
325.0,-25.0,99.998,LandscapeStreamingProxy_2_1_0
325.0,0.0,100.0,LandscapeStreamingProxy_2_2_0
325.0,25.0,100.0,LandscapeStreamingProxy_2_2_0
325.0,50.0,100.0,LandscapeStreamingProxy_2_2_0
325.0,75.0,145.148,LandscapeStreamingProxy_2_2_0
325.0,100.0,146.898,LandscapeStreamingProxy_2_2_0
325.0,125.0,153.601,LandscapeStreamingProxy_2_2_0
325.0,150.0,146.781,LandscapeStreamingProxy_2_2_0
325.0,175.0,139.46,LandscapeStreamingProxy_2_2_0
325.0,200.0,139.46,LandscapeStreamingProxy_2_2_0
325.0,225.0,139.46,LandscapeStreamingProxy_2_2_0
325.0,250.0,139.429,LandscapeStreamingProxy_2_2_0
325.0,275.0,127.344,LandscapeStreamingProxy_2_2_0
325.0,300.0,127.344,LandscapeStreamingProxy_2_2_0
325.0,325.0,127.344,LandscapeStreamingProxy_2_2_0
325.0,350.0,117.219,LandscapeStreamingProxy_2_2_0
325.0,375.0,117.219,LandscapeStreamingProxy_2_2_0
325.0,400.0,112.21,LandscapeStreamingProxy_2_2_0
325.0,425.0,110.242,LandscapeStreamingProxy_2_2_0
325.0,450.0,100.0,LandscapeStreamingProxy_2_2_0
325.0,475.0,100.0,LandscapeStreamingProxy_2_2_0
325.0,500.0,100.0,LandscapeStreamingProxy_2_2_0
350.0,-500.0,79.999,LandscapeStreamingProxy_2_1_0
350.0,-475.0,79.999,LandscapeStreamingProxy_2_1_0
350.0,-450.0,79.999,LandscapeStreamingProxy_2_1_0
350.0,-425.0,79.999,LandscapeStreamingProxy_2_1_0
350.0,-400.0,93.333,LandscapeStreamingProxy_2_1_0
350.0,-375.0,98.5,LandscapeStreamingProxy_2_1_0
350.0,-350.0,98.5,LandscapeStreamingProxy_2_1_0
350.0,-325.0,98.5,LandscapeStreamingProxy_2_1_0
350.0,-300.0,98.5,LandscapeStreamingProxy_2_1_0
350.0,-275.0,98.5,LandscapeStreamingProxy_2_1_0
350.0,-250.0,99.998,LandscapeStreamingProxy_2_1_0
350.0,-225.0,99.998,LandscapeStreamingProxy_2_1_0
350.0,-200.0,99.998,LandscapeStreamingProxy_2_1_0
350.0,-175.0,99.998,LandscapeStreamingProxy_2_1_0
350.0,-150.0,99.998,LandscapeStreamingProxy_2_1_0
350.0,-125.0,99.998,LandscapeStreamingProxy_2_1_0
350.0,-100.0,99.998,LandscapeStreamingProxy_2_1_0
350.0,-75.0,99.998,LandscapeStreamingProxy_2_1_0
350.0,-50.0,99.998,LandscapeStreamingProxy_2_1_0
350.0,-25.0,99.998,LandscapeStreamingProxy_2_1_0
350.0,0.0,118.32,LandscapeStreamingProxy_2_1_0
350.0,25.0,159.219,LandscapeStreamingProxy_2_2_0
350.0,50.0,159.219,LandscapeStreamingProxy_2_2_0
350.0,75.0,146.843,LandscapeStreamingProxy_2_2_0
350.0,100.0,146.898,LandscapeStreamingProxy_2_2_0
350.0,125.0,146.898,LandscapeStreamingProxy_2_2_0
350.0,150.0,146.64,LandscapeStreamingProxy_2_2_0
350.0,175.0,139.46,LandscapeStreamingProxy_2_2_0
350.0,200.0,139.46,LandscapeStreamingProxy_2_2_0
350.0,225.0,139.46,LandscapeStreamingProxy_2_2_0
350.0,250.0,139.46,LandscapeStreamingProxy_2_2_0
350.0,275.0,100.0,LandscapeStreamingProxy_2_2_0
350.0,300.0,100.0,LandscapeStreamingProxy_2_2_0
350.0,325.0,127.344,LandscapeStreamingProxy_2_2_0
350.0,350.0,117.219,LandscapeStreamingProxy_2_2_0
350.0,375.0,117.219,LandscapeStreamingProxy_2_2_0
350.0,400.0,112.21,LandscapeStreamingProxy_2_2_0
350.0,425.0,110.242,LandscapeStreamingProxy_2_2_0
350.0,450.0,100.0,LandscapeStreamingProxy_2_2_0
350.0,475.0,100.0,LandscapeStreamingProxy_2_2_0
350.0,500.0,100.0,LandscapeStreamingProxy_2_2_0
375.0,-500.0,79.999,LandscapeStreamingProxy_2_1_0
375.0,-475.0,79.999,LandscapeStreamingProxy_2_1_0
375.0,-450.0,79.999,LandscapeStreamingProxy_2_1_0
375.0,-425.0,86.834,LandscapeStreamingProxy_2_1_0
375.0,-400.0,98.5,LandscapeStreamingProxy_2_1_0
375.0,-375.0,98.5,LandscapeStreamingProxy_2_1_0
375.0,-350.0,98.5,LandscapeStreamingProxy_2_1_0
375.0,-325.0,98.5,LandscapeStreamingProxy_2_1_0
375.0,-300.0,98.5,LandscapeStreamingProxy_2_1_0
375.0,-275.0,98.5,LandscapeStreamingProxy_2_1_0
375.0,-250.0,99.998,LandscapeStreamingProxy_2_1_0
375.0,-225.0,99.998,LandscapeStreamingProxy_2_1_0
375.0,-200.0,99.998,LandscapeStreamingProxy_2_1_0
375.0,-175.0,99.998,LandscapeStreamingProxy_2_1_0
375.0,-150.0,99.998,LandscapeStreamingProxy_2_1_0
375.0,-125.0,99.998,LandscapeStreamingProxy_2_1_0
375.0,-100.0,99.998,LandscapeStreamingProxy_2_1_0
375.0,-75.0,150.672,LandscapeStreamingProxy_2_1_0
375.0,-50.0,118.498,LandscapeStreamingProxy_2_1_0
375.0,-25.0,161.569,LandscapeStreamingProxy_2_1_0
375.0,0.0,161.687,LandscapeStreamingProxy_2_2_0
375.0,25.0,100.0,LandscapeStreamingProxy_2_2_0
375.0,50.0,159.976,LandscapeStreamingProxy_2_2_0
375.0,75.0,100.0,LandscapeStreamingProxy_2_2_0
375.0,100.0,100.0,LandscapeStreamingProxy_2_2_0
375.0,125.0,100.0,LandscapeStreamingProxy_2_2_0
375.0,150.0,142.445,LandscapeStreamingProxy_2_2_0
375.0,175.0,142.445,LandscapeStreamingProxy_2_2_0
375.0,200.0,139.46,LandscapeStreamingProxy_2_2_0
375.0,225.0,139.46,LandscapeStreamingProxy_2_2_0
375.0,250.0,139.46,LandscapeStreamingProxy_2_2_0
375.0,275.0,100.0,LandscapeStreamingProxy_2_2_0
375.0,300.0,99.703,LandscapeStreamingProxy_2_2_0
375.0,325.0,127.344,LandscapeStreamingProxy_2_2_0
375.0,350.0,116.758,LandscapeStreamingProxy_2_2_0
375.0,375.0,100.0,LandscapeStreamingProxy_2_2_0
375.0,400.0,112.21,LandscapeStreamingProxy_2_2_0
375.0,425.0,100.0,LandscapeStreamingProxy_2_2_0
375.0,450.0,100.0,LandscapeStreamingProxy_2_2_0
375.0,475.0,100.0,LandscapeStreamingProxy_2_2_0
375.0,500.0,100.0,LandscapeStreamingProxy_2_2_0
400.0,-500.0,79.999,LandscapeStreamingProxy_2_1_0
400.0,-475.0,79.999,LandscapeStreamingProxy_2_1_0
400.0,-450.0,80.771,LandscapeStreamingProxy_2_1_0
400.0,-425.0,98.5,LandscapeStreamingProxy_2_1_0
400.0,-400.0,98.5,LandscapeStreamingProxy_2_1_0
400.0,-375.0,98.5,LandscapeStreamingProxy_2_1_0
400.0,-350.0,98.5,LandscapeStreamingProxy_2_1_0
400.0,-325.0,98.5,LandscapeStreamingProxy_2_1_0
400.0,-300.0,98.5,LandscapeStreamingProxy_2_1_0
400.0,-275.0,98.5,LandscapeStreamingProxy_2_1_0
400.0,-250.0,99.998,LandscapeStreamingProxy_2_1_0
400.0,-225.0,99.998,LandscapeStreamingProxy_2_1_0
400.0,-200.0,99.998,LandscapeStreamingProxy_2_1_0
400.0,-175.0,99.998,LandscapeStreamingProxy_2_1_0
400.0,-150.0,99.998,LandscapeStreamingProxy_2_1_0
400.0,-125.0,99.998,LandscapeStreamingProxy_2_1_0
400.0,-100.0,101.226,LandscapeStreamingProxy_2_1_0
400.0,-75.0,167.35,LandscapeStreamingProxy_2_1_0
400.0,-50.0,165.117,LandscapeStreamingProxy_2_1_0
400.0,-25.0,161.669,LandscapeStreamingProxy_2_1_0
400.0,0.0,100.0,LandscapeStreamingProxy_2_2_0
400.0,25.0,100.0,LandscapeStreamingProxy_2_2_0
400.0,50.0,160.452,LandscapeStreamingProxy_2_2_0
400.0,75.0,100.0,LandscapeStreamingProxy_2_2_0
400.0,100.0,100.0,LandscapeStreamingProxy_2_2_0
400.0,125.0,153.601,LandscapeStreamingProxy_2_2_0
400.0,150.0,144.89,LandscapeStreamingProxy_2_2_0
400.0,175.0,144.89,LandscapeStreamingProxy_2_2_0
400.0,200.0,139.46,LandscapeStreamingProxy_2_2_0
400.0,225.0,139.46,LandscapeStreamingProxy_2_2_0
400.0,250.0,139.46,LandscapeStreamingProxy_2_2_0
400.0,275.0,100.0,LandscapeStreamingProxy_2_2_0
400.0,300.0,100.0,LandscapeStreamingProxy_2_2_0
400.0,325.0,127.344,LandscapeStreamingProxy_2_2_0
400.0,350.0,117.219,LandscapeStreamingProxy_2_2_0
400.0,375.0,117.219,LandscapeStreamingProxy_2_2_0
400.0,400.0,112.21,LandscapeStreamingProxy_2_2_0
400.0,425.0,100.0,LandscapeStreamingProxy_2_2_0
400.0,450.0,100.0,LandscapeStreamingProxy_2_2_0
400.0,475.0,100.0,LandscapeStreamingProxy_2_2_0
400.0,500.0,100.0,LandscapeStreamingProxy_2_2_0
425.0,-500.0,79.999,LandscapeStreamingProxy_2_1_0
425.0,-475.0,97.826,LandscapeStreamingProxy_2_1_0
425.0,-450.0,98.5,LandscapeStreamingProxy_2_1_0
425.0,-425.0,98.5,LandscapeStreamingProxy_2_1_0
425.0,-400.0,98.5,LandscapeStreamingProxy_2_1_0
425.0,-375.0,98.5,LandscapeStreamingProxy_2_1_0
425.0,-350.0,98.5,LandscapeStreamingProxy_2_1_0
425.0,-325.0,98.5,LandscapeStreamingProxy_2_1_0
425.0,-300.0,98.5,LandscapeStreamingProxy_2_1_0
425.0,-275.0,98.5,LandscapeStreamingProxy_2_1_0
425.0,-250.0,99.998,LandscapeStreamingProxy_2_1_0
425.0,-225.0,99.998,LandscapeStreamingProxy_2_1_0
425.0,-200.0,99.998,LandscapeStreamingProxy_2_1_0
425.0,-175.0,99.998,LandscapeStreamingProxy_2_1_0
425.0,-150.0,147.312,LandscapeStreamingProxy_2_1_0
425.0,-125.0,171.06,LandscapeStreamingProxy_2_1_0
425.0,-100.0,170.514,LandscapeStreamingProxy_2_1_0
425.0,-75.0,118.466,LandscapeStreamingProxy_2_1_0
425.0,-50.0,99.998,LandscapeStreamingProxy_2_1_0
425.0,-25.0,161.685,LandscapeStreamingProxy_2_1_0
425.0,0.0,100.0,LandscapeStreamingProxy_2_2_0
425.0,25.0,161.687,LandscapeStreamingProxy_2_2_0
425.0,50.0,100.0,LandscapeStreamingProxy_2_2_0
425.0,75.0,153.601,LandscapeStreamingProxy_2_2_0
425.0,100.0,153.601,LandscapeStreamingProxy_2_2_0
425.0,125.0,144.89,LandscapeStreamingProxy_2_2_0
425.0,150.0,144.89,LandscapeStreamingProxy_2_2_0
425.0,175.0,141.077,LandscapeStreamingProxy_2_2_0
425.0,200.0,139.46,LandscapeStreamingProxy_2_2_0
425.0,225.0,139.46,LandscapeStreamingProxy_2_2_0
425.0,250.0,139.46,LandscapeStreamingProxy_2_2_0
425.0,275.0,100.0,LandscapeStreamingProxy_2_2_0
425.0,300.0,100.0,LandscapeStreamingProxy_2_2_0
425.0,325.0,127.344,LandscapeStreamingProxy_2_2_0
425.0,350.0,117.219,LandscapeStreamingProxy_2_2_0
425.0,375.0,100.0,LandscapeStreamingProxy_2_2_0
425.0,400.0,112.21,LandscapeStreamingProxy_2_2_0
425.0,425.0,100.0,LandscapeStreamingProxy_2_2_0
425.0,450.0,100.0,LandscapeStreamingProxy_2_2_0
425.0,475.0,100.0,LandscapeStreamingProxy_2_2_0
425.0,500.0,100.0,LandscapeStreamingProxy_2_2_0
450.0,-500.0,98.5,LandscapeStreamingProxy_2_1_0
450.0,-475.0,98.5,LandscapeStreamingProxy_2_1_0
450.0,-450.0,98.5,LandscapeStreamingProxy_2_1_0
450.0,-425.0,98.5,LandscapeStreamingProxy_2_1_0
450.0,-400.0,98.5,LandscapeStreamingProxy_2_1_0
450.0,-375.0,98.5,LandscapeStreamingProxy_2_1_0
450.0,-350.0,98.5,LandscapeStreamingProxy_2_1_0
450.0,-325.0,98.5,LandscapeStreamingProxy_2_1_0
450.0,-300.0,98.5,LandscapeStreamingProxy_2_1_0
450.0,-275.0,98.5,LandscapeStreamingProxy_2_1_0
450.0,-250.0,99.998,LandscapeStreamingProxy_2_1_0
450.0,-225.0,99.998,LandscapeStreamingProxy_2_1_0
450.0,-200.0,99.998,LandscapeStreamingProxy_2_1_0
450.0,-175.0,99.998,LandscapeStreamingProxy_2_1_0
450.0,-150.0,172.068,LandscapeStreamingProxy_2_1_0
450.0,-125.0,171.513,LandscapeStreamingProxy_2_1_0
450.0,-100.0,99.998,LandscapeStreamingProxy_2_1_0
450.0,-75.0,161.685,LandscapeStreamingProxy_2_1_0
450.0,-50.0,99.998,LandscapeStreamingProxy_2_1_0
450.0,-25.0,161.685,LandscapeStreamingProxy_2_1_0
450.0,0.0,161.687,LandscapeStreamingProxy_2_2_0
450.0,25.0,161.624,LandscapeStreamingProxy_2_2_0
450.0,50.0,155.273,LandscapeStreamingProxy_2_2_0
450.0,75.0,100.0,LandscapeStreamingProxy_2_2_0
450.0,100.0,100.0,LandscapeStreamingProxy_2_2_0
450.0,125.0,155.008,LandscapeStreamingProxy_2_2_0
450.0,150.0,144.89,LandscapeStreamingProxy_2_2_0
450.0,175.0,144.75,LandscapeStreamingProxy_2_2_0
450.0,200.0,139.46,LandscapeStreamingProxy_2_2_0
450.0,225.0,139.46,LandscapeStreamingProxy_2_2_0
450.0,250.0,139.46,LandscapeStreamingProxy_2_2_0
450.0,275.0,100.0,LandscapeStreamingProxy_2_2_0
450.0,300.0,100.0,LandscapeStreamingProxy_2_2_0
450.0,325.0,127.344,LandscapeStreamingProxy_2_2_0
450.0,350.0,117.219,LandscapeStreamingProxy_2_2_0
450.0,375.0,100.0,LandscapeStreamingProxy_2_2_0
450.0,400.0,112.21,LandscapeStreamingProxy_2_2_0
450.0,425.0,100.0,LandscapeStreamingProxy_2_2_0
450.0,450.0,110.242,LandscapeStreamingProxy_2_2_0
450.0,475.0,100.0,LandscapeStreamingProxy_2_2_0
450.0,500.0,100.0,LandscapeStreamingProxy_2_2_0
475.0,-500.0,98.5,LandscapeStreamingProxy_2_1_0
475.0,-475.0,98.5,LandscapeStreamingProxy_2_1_0
475.0,-450.0,98.5,LandscapeStreamingProxy_2_1_0
475.0,-425.0,98.5,LandscapeStreamingProxy_2_1_0
475.0,-400.0,98.5,LandscapeStreamingProxy_2_1_0
475.0,-375.0,98.5,LandscapeStreamingProxy_2_1_0
475.0,-350.0,98.5,LandscapeStreamingProxy_2_1_0
475.0,-325.0,98.5,LandscapeStreamingProxy_2_1_0
475.0,-300.0,98.5,LandscapeStreamingProxy_2_1_0
475.0,-275.0,99.998,LandscapeStreamingProxy_2_1_0
475.0,-250.0,99.998,LandscapeStreamingProxy_2_1_0
475.0,-225.0,99.998,LandscapeStreamingProxy_2_1_0
475.0,-200.0,99.998,LandscapeStreamingProxy_2_1_0
475.0,-175.0,173.07,LandscapeStreamingProxy_2_1_0
475.0,-150.0,172.505,LandscapeStreamingProxy_2_1_0
475.0,-125.0,99.998,LandscapeStreamingProxy_2_1_0
475.0,-100.0,99.998,LandscapeStreamingProxy_2_1_0
475.0,-75.0,99.998,LandscapeStreamingProxy_2_1_0
475.0,-50.0,99.998,LandscapeStreamingProxy_2_1_0
475.0,-25.0,99.998,LandscapeStreamingProxy_2_1_0
475.0,0.0,118.5,LandscapeStreamingProxy_2_2_0
475.0,25.0,100.0,LandscapeStreamingProxy_2_2_0
475.0,50.0,100.0,LandscapeStreamingProxy_2_2_0
475.0,75.0,100.0,LandscapeStreamingProxy_2_2_0
475.0,100.0,155.008,LandscapeStreamingProxy_2_2_0
475.0,125.0,144.89,LandscapeStreamingProxy_2_2_0
475.0,150.0,144.89,LandscapeStreamingProxy_2_2_0
475.0,175.0,144.89,LandscapeStreamingProxy_2_2_0
475.0,200.0,139.46,LandscapeStreamingProxy_2_2_0
475.0,225.0,139.46,LandscapeStreamingProxy_2_2_0
475.0,250.0,139.179,LandscapeStreamingProxy_2_2_0
475.0,275.0,100.0,LandscapeStreamingProxy_2_2_0
475.0,300.0,127.344,LandscapeStreamingProxy_2_2_0
475.0,325.0,127.344,LandscapeStreamingProxy_2_2_0
475.0,350.0,117.219,LandscapeStreamingProxy_2_2_0
475.0,375.0,117.219,LandscapeStreamingProxy_2_2_0
475.0,400.0,100.0,LandscapeStreamingProxy_2_2_0
475.0,425.0,100.0,LandscapeStreamingProxy_2_2_0
475.0,450.0,110.242,LandscapeStreamingProxy_2_2_0
475.0,475.0,110.242,LandscapeStreamingProxy_2_2_0
475.0,500.0,100.0,LandscapeStreamingProxy_2_2_0
500.0,-500.0,98.5,LandscapeStreamingProxy_2_1_0
500.0,-475.0,98.5,LandscapeStreamingProxy_2_1_0
500.0,-450.0,98.5,LandscapeStreamingProxy_2_1_0
500.0,-425.0,98.5,LandscapeStreamingProxy_2_1_0
500.0,-400.0,98.5,LandscapeStreamingProxy_2_1_0
500.0,-375.0,98.5,LandscapeStreamingProxy_2_1_0
500.0,-350.0,98.5,LandscapeStreamingProxy_2_1_0
500.0,-325.0,98.5,LandscapeStreamingProxy_2_1_0
500.0,-300.0,98.5,LandscapeStreamingProxy_2_1_0
500.0,-275.0,99.998,LandscapeStreamingProxy_2_1_0
500.0,-250.0,99.998,LandscapeStreamingProxy_2_1_0
500.0,-225.0,99.998,LandscapeStreamingProxy_2_1_0
500.0,-200.0,168.037,LandscapeStreamingProxy_2_1_0
500.0,-175.0,118.498,LandscapeStreamingProxy_2_1_0
500.0,-150.0,173.062,LandscapeStreamingProxy_2_1_0
500.0,-125.0,99.998,LandscapeStreamingProxy_2_1_0
500.0,-100.0,99.998,LandscapeStreamingProxy_2_1_0
500.0,-75.0,161.685,LandscapeStreamingProxy_2_1_0
500.0,-50.0,99.998,LandscapeStreamingProxy_2_1_0
500.0,-25.0,99.998,LandscapeStreamingProxy_2_1_0
500.0,0.0,118.5,LandscapeStreamingProxy_2_2_0
500.0,25.0,100.0,LandscapeStreamingProxy_2_2_0
500.0,50.0,100.0,LandscapeStreamingProxy_2_2_0
500.0,75.0,125.147,LandscapeStreamingProxy_2_2_0
500.0,100.0,155.008,LandscapeStreamingProxy_2_2_0
500.0,125.0,144.867,LandscapeStreamingProxy_2_2_0
500.0,150.0,144.89,LandscapeStreamingProxy_2_2_0
500.0,175.0,144.89,LandscapeStreamingProxy_2_2_0
500.0,200.0,139.46,LandscapeStreamingProxy_2_2_0
500.0,225.0,139.46,LandscapeStreamingProxy_2_2_0
500.0,250.0,134.132,LandscapeStreamingProxy_2_2_0
500.0,275.0,100.0,LandscapeStreamingProxy_2_2_0
500.0,300.0,100.0,LandscapeStreamingProxy_2_2_0
500.0,325.0,100.0,LandscapeStreamingProxy_2_2_0
500.0,350.0,117.219,LandscapeStreamingProxy_2_2_0
500.0,375.0,112.21,LandscapeStreamingProxy_2_2_0
500.0,400.0,100.0,LandscapeStreamingProxy_2_2_0
500.0,425.0,110.242,LandscapeStreamingProxy_2_2_0
500.0,450.0,110.242,LandscapeStreamingProxy_2_2_0
500.0,475.0,110.242,LandscapeStreamingProxy_2_2_0
500.0,500.0,110.242,LandscapeStreamingProxy_2_2_0
525.0,-500.0,98.498,LandscapeStreamingProxy_2_1_0
525.0,-475.0,98.498,LandscapeStreamingProxy_2_1_0
525.0,-450.0,98.498,LandscapeStreamingProxy_2_1_0
525.0,-425.0,98.498,LandscapeStreamingProxy_2_1_0
525.0,-400.0,98.498,LandscapeStreamingProxy_2_1_0
525.0,-375.0,98.498,LandscapeStreamingProxy_2_1_0
525.0,-350.0,98.498,LandscapeStreamingProxy_2_1_0
525.0,-325.0,98.498,LandscapeStreamingProxy_2_1_0
525.0,-300.0,98.498,LandscapeStreamingProxy_2_1_0
525.0,-275.0,99.999,LandscapeStreamingProxy_2_1_0
525.0,-250.0,99.999,LandscapeStreamingProxy_2_1_0
525.0,-225.0,118.5,LandscapeStreamingProxy_2_1_0
525.0,-200.0,161.93,LandscapeStreamingProxy_2_1_0
525.0,-175.0,118.476,LandscapeStreamingProxy_2_1_0
525.0,-150.0,172.655,LandscapeStreamingProxy_2_1_0
525.0,-125.0,171.687,LandscapeStreamingProxy_2_1_0
525.0,-100.0,99.999,LandscapeStreamingProxy_2_1_0
525.0,-75.0,167.742,LandscapeStreamingProxy_2_1_0
525.0,-50.0,99.999,LandscapeStreamingProxy_2_1_0
525.0,-25.0,99.999,LandscapeStreamingProxy_2_1_0
525.0,0.0,118.5,LandscapeStreamingProxy_2_1_0
525.0,25.0,99.999,LandscapeStreamingProxy_2_2_0
525.0,50.0,99.999,LandscapeStreamingProxy_2_2_0
525.0,75.0,143.217,LandscapeStreamingProxy_2_2_0
525.0,100.0,143.217,LandscapeStreamingProxy_2_2_0
525.0,125.0,144.89,LandscapeStreamingProxy_2_2_0
525.0,150.0,144.89,LandscapeStreamingProxy_2_2_0
525.0,175.0,144.748,LandscapeStreamingProxy_2_2_0
525.0,200.0,139.46,LandscapeStreamingProxy_2_2_0
525.0,225.0,139.46,LandscapeStreamingProxy_2_2_0
525.0,250.0,99.999,LandscapeStreamingProxy_2_2_0
525.0,275.0,99.999,LandscapeStreamingProxy_2_2_0
525.0,300.0,99.999,LandscapeStreamingProxy_2_2_0
525.0,325.0,99.999,LandscapeStreamingProxy_2_2_0
525.0,350.0,99.999,LandscapeStreamingProxy_2_2_0
525.0,375.0,112.209,LandscapeStreamingProxy_2_2_0
525.0,400.0,99.999,LandscapeStreamingProxy_2_2_0
525.0,425.0,99.999,LandscapeStreamingProxy_2_2_0
525.0,450.0,99.999,LandscapeStreamingProxy_2_2_0
525.0,475.0,99.999,LandscapeStreamingProxy_2_2_0
525.0,500.0,110.241,LandscapeStreamingProxy_2_2_0
550.0,-500.0,98.498,LandscapeStreamingProxy_2_1_0
550.0,-475.0,98.498,LandscapeStreamingProxy_2_1_0
550.0,-450.0,98.498,LandscapeStreamingProxy_2_1_0
550.0,-425.0,98.498,LandscapeStreamingProxy_2_1_0
550.0,-400.0,98.498,LandscapeStreamingProxy_2_1_0
550.0,-375.0,111.663,LandscapeStreamingProxy_2_1_0
550.0,-350.0,118.492,LandscapeStreamingProxy_2_1_0
550.0,-325.0,118.5,LandscapeStreamingProxy_2_1_0
550.0,-300.0,118.5,LandscapeStreamingProxy_2_1_0
550.0,-275.0,145.531,LandscapeStreamingProxy_2_1_0
550.0,-250.0,118.5,LandscapeStreamingProxy_2_1_0
550.0,-225.0,152.164,LandscapeStreamingProxy_2_1_0
550.0,-200.0,172.217,LandscapeStreamingProxy_2_1_0
550.0,-175.0,99.999,LandscapeStreamingProxy_2_1_0
550.0,-150.0,99.999,LandscapeStreamingProxy_2_1_0
550.0,-125.0,99.999,LandscapeStreamingProxy_2_1_0
550.0,-100.0,99.999,LandscapeStreamingProxy_2_1_0
550.0,-75.0,99.999,LandscapeStreamingProxy_2_1_0
550.0,-50.0,168.039,LandscapeStreamingProxy_2_1_0
550.0,-25.0,99.999,LandscapeStreamingProxy_2_1_0
550.0,0.0,162.351,LandscapeStreamingProxy_2_2_0
550.0,25.0,159.507,LandscapeStreamingProxy_2_2_0
550.0,50.0,155.726,LandscapeStreamingProxy_2_2_0
550.0,75.0,151.951,LandscapeStreamingProxy_2_2_0
550.0,100.0,148.171,LandscapeStreamingProxy_2_2_0
550.0,125.0,144.89,LandscapeStreamingProxy_2_2_0
550.0,150.0,144.687,LandscapeStreamingProxy_2_2_0
550.0,175.0,139.46,LandscapeStreamingProxy_2_2_0
550.0,200.0,139.318,LandscapeStreamingProxy_2_2_0
550.0,225.0,139.318,LandscapeStreamingProxy_2_2_0
550.0,250.0,108.139,LandscapeStreamingProxy_2_2_0
550.0,275.0,139.318,LandscapeStreamingProxy_2_2_0
550.0,300.0,139.318,LandscapeStreamingProxy_2_2_0
550.0,325.0,99.999,LandscapeStreamingProxy_2_2_0
550.0,350.0,131.749,LandscapeStreamingProxy_2_2_0
550.0,375.0,125.164,LandscapeStreamingProxy_2_2_0
550.0,400.0,118.576,LandscapeStreamingProxy_2_2_0
550.0,425.0,112.257,LandscapeStreamingProxy_2_2_0
550.0,450.0,110.241,LandscapeStreamingProxy_2_2_0
550.0,475.0,110.241,LandscapeStreamingProxy_2_2_0
550.0,500.0,110.241,LandscapeStreamingProxy_2_2_0
575.0,-500.0,149.781,LandscapeStreamingProxy_2_1_0
575.0,-475.0,147.906,LandscapeStreamingProxy_2_1_0
575.0,-450.0,146.031,LandscapeStreamingProxy_2_1_0
575.0,-425.0,144.164,LandscapeStreamingProxy_2_1_0
575.0,-400.0,118.5,LandscapeStreamingProxy_2_1_0
575.0,-375.0,143.131,LandscapeStreamingProxy_2_1_0
575.0,-350.0,143.717,LandscapeStreamingProxy_2_1_0
575.0,-325.0,144.295,LandscapeStreamingProxy_2_1_0
575.0,-300.0,144.881,LandscapeStreamingProxy_2_1_0
575.0,-275.0,173.062,LandscapeStreamingProxy_2_1_0
575.0,-250.0,146.296,LandscapeStreamingProxy_2_1_0
575.0,-225.0,118.492,LandscapeStreamingProxy_2_1_0
575.0,-200.0,173.062,LandscapeStreamingProxy_2_1_0
575.0,-175.0,99.999,LandscapeStreamingProxy_2_1_0
575.0,-150.0,99.999,LandscapeStreamingProxy_2_1_0
575.0,-125.0,99.999,LandscapeStreamingProxy_2_1_0
575.0,-100.0,171.687,LandscapeStreamingProxy_2_1_0
575.0,-75.0,99.999,LandscapeStreamingProxy_2_1_0
575.0,-50.0,99.999,LandscapeStreamingProxy_2_1_0
575.0,-25.0,99.999,LandscapeStreamingProxy_2_1_0
575.0,0.0,162.499,LandscapeStreamingProxy_2_1_0
575.0,25.0,118.5,LandscapeStreamingProxy_2_2_0
575.0,50.0,99.999,LandscapeStreamingProxy_2_2_0
575.0,75.0,99.999,LandscapeStreamingProxy_2_2_0
575.0,100.0,149.904,LandscapeStreamingProxy_2_2_0
575.0,125.0,99.999,LandscapeStreamingProxy_2_2_0
575.0,150.0,99.999,LandscapeStreamingProxy_2_2_0
575.0,175.0,99.999,LandscapeStreamingProxy_2_2_0
575.0,200.0,99.999,LandscapeStreamingProxy_2_2_0
575.0,225.0,139.318,LandscapeStreamingProxy_2_2_0
575.0,250.0,99.999,LandscapeStreamingProxy_2_2_0
575.0,275.0,139.318,LandscapeStreamingProxy_2_2_0
575.0,300.0,99.999,LandscapeStreamingProxy_2_2_0
575.0,325.0,99.999,LandscapeStreamingProxy_2_2_0
575.0,350.0,129.131,LandscapeStreamingProxy_2_2_0
575.0,375.0,126.1,LandscapeStreamingProxy_2_2_0
575.0,400.0,118.631,LandscapeStreamingProxy_2_2_0
575.0,425.0,99.999,LandscapeStreamingProxy_2_2_0
575.0,450.0,99.999,LandscapeStreamingProxy_2_2_0
575.0,475.0,99.999,LandscapeStreamingProxy_2_2_0
575.0,500.0,110.241,LandscapeStreamingProxy_2_2_0
600.0,-500.0,118.5,LandscapeStreamingProxy_2_1_0
600.0,-475.0,118.5,LandscapeStreamingProxy_2_1_0
600.0,-450.0,118.5,LandscapeStreamingProxy_2_1_0
600.0,-425.0,118.5,LandscapeStreamingProxy_2_1_0
600.0,-400.0,142.92,LandscapeStreamingProxy_2_1_0
600.0,-375.0,99.999,LandscapeStreamingProxy_2_1_0
600.0,-350.0,173.046,LandscapeStreamingProxy_2_1_0
600.0,-325.0,173.062,LandscapeStreamingProxy_2_1_0
600.0,-300.0,99.999,LandscapeStreamingProxy_2_1_0
600.0,-275.0,99.999,LandscapeStreamingProxy_2_1_0
600.0,-250.0,99.999,LandscapeStreamingProxy_2_1_0
600.0,-225.0,172.99,LandscapeStreamingProxy_2_1_0
600.0,-200.0,118.484,LandscapeStreamingProxy_2_1_0
600.0,-175.0,99.999,LandscapeStreamingProxy_2_1_0
600.0,-150.0,99.999,LandscapeStreamingProxy_2_1_0
600.0,-125.0,99.999,LandscapeStreamingProxy_2_1_0
600.0,-100.0,161.686,LandscapeStreamingProxy_2_1_0
600.0,-75.0,99.999,LandscapeStreamingProxy_2_1_0
600.0,-50.0,99.999,LandscapeStreamingProxy_2_1_0
600.0,-25.0,99.999,LandscapeStreamingProxy_2_1_0
600.0,0.0,99.999,LandscapeStreamingProxy_2_2_0
600.0,25.0,155.006,LandscapeStreamingProxy_2_2_0
600.0,50.0,99.999,LandscapeStreamingProxy_2_2_0
600.0,75.0,99.999,LandscapeStreamingProxy_2_2_0
600.0,100.0,152.264,LandscapeStreamingProxy_2_2_0
600.0,125.0,99.999,LandscapeStreamingProxy_2_2_0
600.0,150.0,99.999,LandscapeStreamingProxy_2_2_0
600.0,175.0,99.999,LandscapeStreamingProxy_2_2_0
600.0,200.0,139.318,LandscapeStreamingProxy_2_2_0
600.0,225.0,99.999,LandscapeStreamingProxy_2_2_0
600.0,250.0,139.318,LandscapeStreamingProxy_2_2_0
600.0,275.0,139.21,LandscapeStreamingProxy_2_2_0
600.0,300.0,136.187,LandscapeStreamingProxy_2_2_0
600.0,325.0,99.999,LandscapeStreamingProxy_2_2_0
600.0,350.0,113.943,LandscapeStreamingProxy_2_2_0
600.0,375.0,99.999,LandscapeStreamingProxy_2_2_0
600.0,400.0,99.999,LandscapeStreamingProxy_2_2_0
600.0,425.0,99.999,LandscapeStreamingProxy_2_2_0
600.0,450.0,99.999,LandscapeStreamingProxy_2_2_0
600.0,475.0,110.483,LandscapeStreamingProxy_2_2_0
600.0,500.0,99.999,LandscapeStreamingProxy_2_2_0
625.0,-500.0,118.5,LandscapeStreamingProxy_2_1_0
625.0,-475.0,118.5,LandscapeStreamingProxy_2_1_0
625.0,-450.0,118.5,LandscapeStreamingProxy_2_1_0
625.0,-425.0,118.5,LandscapeStreamingProxy_2_1_0
625.0,-400.0,147.537,LandscapeStreamingProxy_2_1_0
625.0,-375.0,99.999,LandscapeStreamingProxy_2_1_0
625.0,-350.0,99.999,LandscapeStreamingProxy_2_1_0
625.0,-325.0,173.062,LandscapeStreamingProxy_2_1_0
625.0,-300.0,99.999,LandscapeStreamingProxy_2_1_0
625.0,-275.0,99.999,LandscapeStreamingProxy_2_1_0
625.0,-250.0,173.062,LandscapeStreamingProxy_2_1_0
625.0,-225.0,126.412,LandscapeStreamingProxy_2_1_0
625.0,-200.0,99.999,LandscapeStreamingProxy_2_1_0
625.0,-175.0,99.999,LandscapeStreamingProxy_2_1_0
625.0,-150.0,99.999,LandscapeStreamingProxy_2_1_0
625.0,-125.0,99.999,LandscapeStreamingProxy_2_1_0
625.0,-100.0,99.999,LandscapeStreamingProxy_2_1_0
625.0,-75.0,99.999,LandscapeStreamingProxy_2_1_0
625.0,-50.0,118.5,LandscapeStreamingProxy_2_1_0
625.0,-25.0,163.912,LandscapeStreamingProxy_2_1_0
625.0,0.0,160.453,LandscapeStreamingProxy_2_1_0
625.0,25.0,156.279,LandscapeStreamingProxy_2_2_0
625.0,50.0,154.974,LandscapeStreamingProxy_2_2_0
625.0,75.0,151.272,LandscapeStreamingProxy_2_2_0
625.0,100.0,147.429,LandscapeStreamingProxy_2_2_0
625.0,125.0,99.999,LandscapeStreamingProxy_2_2_0
625.0,150.0,99.999,LandscapeStreamingProxy_2_2_0
625.0,175.0,99.999,LandscapeStreamingProxy_2_2_0
625.0,200.0,139.318,LandscapeStreamingProxy_2_2_0
625.0,225.0,139.318,LandscapeStreamingProxy_2_2_0
625.0,250.0,99.999,LandscapeStreamingProxy_2_2_0
625.0,275.0,99.999,LandscapeStreamingProxy_2_2_0
625.0,300.0,120.341,LandscapeStreamingProxy_2_2_0
625.0,325.0,115.327,LandscapeStreamingProxy_2_2_0
625.0,350.0,110.483,LandscapeStreamingProxy_2_2_0
625.0,375.0,99.999,LandscapeStreamingProxy_2_2_0
625.0,400.0,99.999,LandscapeStreamingProxy_2_2_0
625.0,425.0,110.483,LandscapeStreamingProxy_2_2_0
625.0,450.0,99.999,LandscapeStreamingProxy_2_2_0
625.0,475.0,99.999,LandscapeStreamingProxy_2_2_0
625.0,500.0,99.999,LandscapeStreamingProxy_2_2_0
650.0,-500.0,118.5,LandscapeStreamingProxy_2_1_0
650.0,-475.0,118.5,LandscapeStreamingProxy_2_1_0
650.0,-450.0,118.484,LandscapeStreamingProxy_2_1_0
650.0,-425.0,114.555,LandscapeStreamingProxy_2_1_0
650.0,-400.0,152.156,LandscapeStreamingProxy_2_1_0
650.0,-375.0,99.999,LandscapeStreamingProxy_2_1_0
650.0,-350.0,99.999,LandscapeStreamingProxy_2_1_0
650.0,-325.0,173.062,LandscapeStreamingProxy_2_1_0
650.0,-300.0,99.999,LandscapeStreamingProxy_2_1_0
650.0,-275.0,99.999,LandscapeStreamingProxy_2_1_0
650.0,-250.0,179.0,LandscapeStreamingProxy_2_1_0
650.0,-225.0,99.999,LandscapeStreamingProxy_2_1_0
650.0,-200.0,99.999,LandscapeStreamingProxy_2_1_0
650.0,-175.0,99.999,LandscapeStreamingProxy_2_1_0
650.0,-150.0,99.999,LandscapeStreamingProxy_2_1_0
650.0,-125.0,99.999,LandscapeStreamingProxy_2_1_0
650.0,-100.0,99.999,LandscapeStreamingProxy_2_1_0
650.0,-75.0,99.999,LandscapeStreamingProxy_2_1_0
650.0,-50.0,169.373,LandscapeStreamingProxy_2_1_0
650.0,-25.0,99.999,LandscapeStreamingProxy_2_1_0
650.0,0.0,99.999,LandscapeStreamingProxy_2_2_0
650.0,25.0,160.07,LandscapeStreamingProxy_2_2_0
650.0,50.0,99.999,LandscapeStreamingProxy_2_2_0
650.0,75.0,147.25,LandscapeStreamingProxy_2_2_0
650.0,100.0,99.999,LandscapeStreamingProxy_2_2_0
650.0,125.0,99.999,LandscapeStreamingProxy_2_2_0
650.0,150.0,99.999,LandscapeStreamingProxy_2_2_0
650.0,175.0,99.999,LandscapeStreamingProxy_2_2_0
650.0,200.0,109.21,LandscapeStreamingProxy_2_2_0
650.0,225.0,131.086,LandscapeStreamingProxy_2_2_0
650.0,250.0,128.373,LandscapeStreamingProxy_2_2_0
650.0,275.0,122.53,LandscapeStreamingProxy_2_2_0
650.0,300.0,119.234,LandscapeStreamingProxy_2_2_0
650.0,325.0,99.999,LandscapeStreamingProxy_2_2_0
650.0,350.0,111.194,LandscapeStreamingProxy_2_2_0
650.0,375.0,99.999,LandscapeStreamingProxy_2_2_0
650.0,400.0,99.999,LandscapeStreamingProxy_2_2_0
650.0,425.0,99.999,LandscapeStreamingProxy_2_2_0
650.0,450.0,110.452,LandscapeStreamingProxy_2_2_0
650.0,475.0,99.999,LandscapeStreamingProxy_2_2_0
650.0,500.0,99.999,LandscapeStreamingProxy_2_2_0
675.0,-500.0,118.5,LandscapeStreamingProxy_2_1_0
675.0,-475.0,118.5,LandscapeStreamingProxy_2_1_0
675.0,-450.0,118.398,LandscapeStreamingProxy_2_1_0
675.0,-425.0,118.5,LandscapeStreamingProxy_2_1_0
675.0,-400.0,118.5,LandscapeStreamingProxy_2_1_0
675.0,-375.0,155.219,LandscapeStreamingProxy_2_1_0
675.0,-350.0,99.999,LandscapeStreamingProxy_2_1_0
675.0,-325.0,173.062,LandscapeStreamingProxy_2_1_0
675.0,-300.0,99.999,LandscapeStreamingProxy_2_1_0
675.0,-275.0,99.999,LandscapeStreamingProxy_2_1_0
675.0,-250.0,179.0,LandscapeStreamingProxy_2_1_0
675.0,-225.0,176.28,LandscapeStreamingProxy_2_1_0
675.0,-200.0,99.999,LandscapeStreamingProxy_2_1_0
675.0,-175.0,176.617,LandscapeStreamingProxy_2_1_0
675.0,-150.0,99.999,LandscapeStreamingProxy_2_1_0
675.0,-125.0,99.999,LandscapeStreamingProxy_2_1_0
675.0,-100.0,99.999,LandscapeStreamingProxy_2_1_0
675.0,-75.0,99.999,LandscapeStreamingProxy_2_1_0
675.0,-50.0,99.999,LandscapeStreamingProxy_2_1_0
675.0,-25.0,99.999,LandscapeStreamingProxy_2_1_0
675.0,0.0,164.765,LandscapeStreamingProxy_2_1_0
675.0,25.0,160.07,LandscapeStreamingProxy_2_2_0
675.0,50.0,99.999,LandscapeStreamingProxy_2_2_0
675.0,75.0,147.25,LandscapeStreamingProxy_2_2_0
675.0,100.0,147.389,LandscapeStreamingProxy_2_2_0
675.0,125.0,99.999,LandscapeStreamingProxy_2_2_0
675.0,150.0,139.318,LandscapeStreamingProxy_2_2_0
675.0,175.0,99.999,LandscapeStreamingProxy_2_2_0
675.0,200.0,133.538,LandscapeStreamingProxy_2_2_0
675.0,225.0,130.241,LandscapeStreamingProxy_2_2_0
675.0,250.0,99.999,LandscapeStreamingProxy_2_2_0
675.0,275.0,99.999,LandscapeStreamingProxy_2_2_0
675.0,300.0,99.999,LandscapeStreamingProxy_2_2_0
675.0,325.0,99.999,LandscapeStreamingProxy_2_2_0
675.0,350.0,99.999,LandscapeStreamingProxy_2_2_0
675.0,375.0,110.241,LandscapeStreamingProxy_2_2_0
675.0,400.0,110.241,LandscapeStreamingProxy_2_2_0
675.0,425.0,110.241,LandscapeStreamingProxy_2_2_0
675.0,450.0,110.241,LandscapeStreamingProxy_2_2_0
675.0,475.0,110.241,LandscapeStreamingProxy_2_2_0
675.0,500.0,110.194,LandscapeStreamingProxy_2_2_0
700.0,-500.0,118.5,LandscapeStreamingProxy_2_1_0
700.0,-475.0,118.5,LandscapeStreamingProxy_2_1_0
700.0,-450.0,118.5,LandscapeStreamingProxy_2_1_0
700.0,-425.0,118.5,LandscapeStreamingProxy_2_1_0
700.0,-400.0,118.5,LandscapeStreamingProxy_2_1_0
700.0,-375.0,156.765,LandscapeStreamingProxy_2_1_0
700.0,-350.0,173.062,LandscapeStreamingProxy_2_1_0
700.0,-325.0,173.062,LandscapeStreamingProxy_2_1_0
700.0,-300.0,172.741,LandscapeStreamingProxy_2_1_0
700.0,-275.0,99.999,LandscapeStreamingProxy_2_1_0
700.0,-250.0,173.062,LandscapeStreamingProxy_2_1_0
700.0,-225.0,99.999,LandscapeStreamingProxy_2_1_0
700.0,-200.0,176.617,LandscapeStreamingProxy_2_1_0
700.0,-175.0,176.617,LandscapeStreamingProxy_2_1_0
700.0,-150.0,176.617,LandscapeStreamingProxy_2_1_0
700.0,-125.0,99.999,LandscapeStreamingProxy_2_1_0
700.0,-100.0,99.999,LandscapeStreamingProxy_2_1_0
700.0,-75.0,176.617,LandscapeStreamingProxy_2_1_0
700.0,-50.0,99.999,LandscapeStreamingProxy_2_1_0
700.0,-25.0,169.357,LandscapeStreamingProxy_2_1_0
700.0,0.0,165.742,LandscapeStreamingProxy_2_2_0
700.0,25.0,160.07,LandscapeStreamingProxy_2_2_0
700.0,50.0,99.999,LandscapeStreamingProxy_2_2_0
700.0,75.0,99.999,LandscapeStreamingProxy_2_2_0
700.0,100.0,147.287,LandscapeStreamingProxy_2_2_0
700.0,125.0,139.318,LandscapeStreamingProxy_2_2_0
700.0,150.0,139.318,LandscapeStreamingProxy_2_2_0
700.0,175.0,99.999,LandscapeStreamingProxy_2_2_0
700.0,200.0,99.999,LandscapeStreamingProxy_2_2_0
700.0,225.0,132.093,LandscapeStreamingProxy_2_2_0
700.0,250.0,129.357,LandscapeStreamingProxy_2_2_0
700.0,275.0,99.999,LandscapeStreamingProxy_2_2_0
700.0,300.0,123.233,LandscapeStreamingProxy_2_2_0
700.0,325.0,99.999,LandscapeStreamingProxy_2_2_0
700.0,350.0,101.586,LandscapeStreamingProxy_2_2_0
700.0,375.0,99.999,LandscapeStreamingProxy_2_2_0
700.0,400.0,110.241,LandscapeStreamingProxy_2_2_0
700.0,425.0,110.233,LandscapeStreamingProxy_2_2_0
700.0,450.0,110.241,LandscapeStreamingProxy_2_2_0
700.0,475.0,110.21,LandscapeStreamingProxy_2_2_0
700.0,500.0,110.155,LandscapeStreamingProxy_2_2_0
725.0,-500.0,118.5,LandscapeStreamingProxy_2_1_0
725.0,-475.0,118.5,LandscapeStreamingProxy_2_1_0
725.0,-450.0,118.5,LandscapeStreamingProxy_2_1_0
725.0,-425.0,118.5,LandscapeStreamingProxy_2_1_0
725.0,-400.0,118.5,LandscapeStreamingProxy_2_1_0
725.0,-375.0,157.257,LandscapeStreamingProxy_2_1_0
725.0,-350.0,157.099,LandscapeStreamingProxy_2_1_0
725.0,-325.0,99.999,LandscapeStreamingProxy_2_1_0
725.0,-300.0,99.999,LandscapeStreamingProxy_2_1_0
725.0,-275.0,173.062,LandscapeStreamingProxy_2_1_0
725.0,-250.0,172.741,LandscapeStreamingProxy_2_1_0
725.0,-225.0,179.0,LandscapeStreamingProxy_2_1_0
725.0,-200.0,99.999,LandscapeStreamingProxy_2_1_0
725.0,-175.0,176.617,LandscapeStreamingProxy_2_1_0
725.0,-150.0,99.999,LandscapeStreamingProxy_2_1_0
725.0,-125.0,99.999,LandscapeStreamingProxy_2_1_0
725.0,-100.0,99.999,LandscapeStreamingProxy_2_1_0
725.0,-75.0,99.999,LandscapeStreamingProxy_2_1_0
725.0,-50.0,99.999,LandscapeStreamingProxy_2_1_0
725.0,-25.0,99.999,LandscapeStreamingProxy_2_1_0
725.0,0.0,166.6,LandscapeStreamingProxy_2_2_0
725.0,25.0,160.07,LandscapeStreamingProxy_2_2_0
725.0,50.0,99.999,LandscapeStreamingProxy_2_2_0
725.0,75.0,99.999,LandscapeStreamingProxy_2_2_0
725.0,100.0,99.999,LandscapeStreamingProxy_2_2_0
725.0,125.0,99.999,LandscapeStreamingProxy_2_2_0
725.0,150.0,99.999,LandscapeStreamingProxy_2_2_0
725.0,175.0,139.318,LandscapeStreamingProxy_2_2_0
725.0,200.0,139.318,LandscapeStreamingProxy_2_2_0
725.0,225.0,133.867,LandscapeStreamingProxy_2_2_0
725.0,250.0,99.999,LandscapeStreamingProxy_2_2_0
725.0,275.0,99.999,LandscapeStreamingProxy_2_2_0
725.0,300.0,125.429,LandscapeStreamingProxy_2_2_0
725.0,325.0,99.999,LandscapeStreamingProxy_2_2_0
725.0,350.0,99.999,LandscapeStreamingProxy_2_2_0
725.0,375.0,110.226,LandscapeStreamingProxy_2_2_0
725.0,400.0,110.241,LandscapeStreamingProxy_2_2_0
725.0,425.0,0.0,LandscapeStreamingProxy_2_2_0
725.0,450.0,101.099,LandscapeStreamingProxy_2_2_0
725.0,475.0,0.0,LandscapeStreamingProxy_2_2_0
725.0,500.0,0.0,LandscapeStreamingProxy_2_2_0
750.0,-500.0,118.5,LandscapeStreamingProxy_2_1_0
750.0,-475.0,118.5,LandscapeStreamingProxy_2_1_0
750.0,-450.0,118.5,LandscapeStreamingProxy_2_1_0
750.0,-425.0,118.5,LandscapeStreamingProxy_2_1_0
750.0,-400.0,118.5,LandscapeStreamingProxy_2_1_0
750.0,-375.0,118.484,LandscapeStreamingProxy_2_1_0
750.0,-350.0,156.936,LandscapeStreamingProxy_2_1_0
750.0,-325.0,118.411,LandscapeStreamingProxy_2_1_0
750.0,-300.0,173.062,LandscapeStreamingProxy_2_1_0
750.0,-275.0,173.062,LandscapeStreamingProxy_2_1_0
750.0,-250.0,173.062,LandscapeStreamingProxy_2_1_0
750.0,-225.0,99.999,LandscapeStreamingProxy_2_1_0
750.0,-200.0,179.0,LandscapeStreamingProxy_2_1_0
750.0,-175.0,99.999,LandscapeStreamingProxy_2_1_0
750.0,-150.0,176.617,LandscapeStreamingProxy_2_1_0
750.0,-125.0,99.999,LandscapeStreamingProxy_2_1_0
750.0,-100.0,99.999,LandscapeStreamingProxy_2_1_0
750.0,-75.0,99.999,LandscapeStreamingProxy_2_1_0
750.0,-50.0,99.999,LandscapeStreamingProxy_2_1_0
750.0,-25.0,99.999,LandscapeStreamingProxy_2_1_0
750.0,0.0,139.749,LandscapeStreamingProxy_2_2_0
750.0,25.0,160.07,LandscapeStreamingProxy_2_2_0
750.0,50.0,99.999,LandscapeStreamingProxy_2_2_0
750.0,75.0,99.999,LandscapeStreamingProxy_2_2_0
750.0,100.0,99.999,LandscapeStreamingProxy_2_2_0
750.0,125.0,139.318,LandscapeStreamingProxy_2_2_0
750.0,150.0,99.999,LandscapeStreamingProxy_2_2_0
750.0,175.0,99.999,LandscapeStreamingProxy_2_2_0
750.0,200.0,139.318,LandscapeStreamingProxy_2_2_0
750.0,225.0,99.999,LandscapeStreamingProxy_2_2_0
750.0,250.0,99.999,LandscapeStreamingProxy_2_2_0
750.0,275.0,129.789,LandscapeStreamingProxy_2_2_0
750.0,300.0,123.248,LandscapeStreamingProxy_2_2_0
750.0,325.0,99.999,LandscapeStreamingProxy_2_2_0
750.0,350.0,110.023,LandscapeStreamingProxy_2_2_0
750.0,375.0,107.992,LandscapeStreamingProxy_2_2_0
750.0,400.0,92.999,LandscapeStreamingProxy_2_2_0
750.0,425.0,101.099,LandscapeStreamingProxy_2_2_0
750.0,450.0,0.0,LandscapeStreamingProxy_2_2_0
750.0,475.0,0.0,LandscapeStreamingProxy_2_2_0
750.0,500.0,0.0,LandscapeStreamingProxy_2_2_0
775.0,-500.0,118.5,LandscapeStreamingProxy_2_1_0
775.0,-475.0,118.5,LandscapeStreamingProxy_2_1_0
775.0,-450.0,118.5,LandscapeStreamingProxy_2_1_0
775.0,-425.0,118.5,LandscapeStreamingProxy_2_1_0
775.0,-400.0,118.5,LandscapeStreamingProxy_2_1_0
775.0,-375.0,118.5,LandscapeStreamingProxy_2_1_0
775.0,-350.0,118.5,LandscapeStreamingProxy_2_1_0
775.0,-325.0,156.858,LandscapeStreamingProxy_2_1_0
775.0,-300.0,158.685,LandscapeStreamingProxy_2_1_0
775.0,-275.0,160.507,LandscapeStreamingProxy_2_1_0
775.0,-250.0,162.328,LandscapeStreamingProxy_2_1_0
775.0,-225.0,99.999,LandscapeStreamingProxy_2_1_0
775.0,-200.0,99.999,LandscapeStreamingProxy_2_1_0
775.0,-175.0,101.226,LandscapeStreamingProxy_2_1_0
775.0,-150.0,99.999,LandscapeStreamingProxy_2_1_0
775.0,-125.0,176.28,LandscapeStreamingProxy_2_1_0
775.0,-100.0,176.617,LandscapeStreamingProxy_2_1_0
775.0,-75.0,171.96,LandscapeStreamingProxy_2_1_0
775.0,-50.0,166.616,LandscapeStreamingProxy_2_1_0
775.0,-25.0,166.616,LandscapeStreamingProxy_2_1_0
775.0,0.0,118.5,LandscapeStreamingProxy_2_1_0
775.0,25.0,99.999,LandscapeStreamingProxy_2_2_0
775.0,50.0,99.999,LandscapeStreamingProxy_2_2_0
775.0,75.0,99.999,LandscapeStreamingProxy_2_2_0
775.0,100.0,99.999,LandscapeStreamingProxy_2_2_0
775.0,125.0,99.999,LandscapeStreamingProxy_2_2_0
775.0,150.0,99.999,LandscapeStreamingProxy_2_2_0
775.0,175.0,99.999,LandscapeStreamingProxy_2_2_0
775.0,200.0,133.561,LandscapeStreamingProxy_2_2_0
775.0,225.0,99.999,LandscapeStreamingProxy_2_2_0
775.0,250.0,99.999,LandscapeStreamingProxy_2_2_0
775.0,275.0,99.976,LandscapeStreamingProxy_2_2_0
775.0,300.0,99.952,LandscapeStreamingProxy_2_2_0
775.0,325.0,110.162,LandscapeStreamingProxy_2_2_0
775.0,350.0,109.436,LandscapeStreamingProxy_2_2_0
775.0,375.0,94.217,LandscapeStreamingProxy_2_2_0
775.0,400.0,101.099,LandscapeStreamingProxy_2_2_0
775.0,425.0,0.0,LandscapeStreamingProxy_2_2_0
775.0,450.0,0.0,LandscapeStreamingProxy_2_2_0
775.0,475.0,0.0,LandscapeStreamingProxy_2_2_0
775.0,500.0,0.0,LandscapeStreamingProxy_2_2_0
800.0,-500.0,118.5,LandscapeStreamingProxy_2_1_0
800.0,-475.0,118.492,LandscapeStreamingProxy_2_1_0
800.0,-450.0,118.5,LandscapeStreamingProxy_2_1_0
800.0,-425.0,118.5,LandscapeStreamingProxy_2_1_0
800.0,-400.0,118.5,LandscapeStreamingProxy_2_1_0
800.0,-375.0,118.5,LandscapeStreamingProxy_2_1_0
800.0,-350.0,118.5,LandscapeStreamingProxy_2_1_0
800.0,-325.0,118.5,LandscapeStreamingProxy_2_1_0
800.0,-300.0,118.5,LandscapeStreamingProxy_2_1_0
800.0,-275.0,118.5,LandscapeStreamingProxy_2_1_0
800.0,-250.0,118.5,LandscapeStreamingProxy_2_1_0
800.0,-225.0,164.57,LandscapeStreamingProxy_2_1_0
800.0,-200.0,165.179,LandscapeStreamingProxy_2_1_0
800.0,-175.0,179.0,LandscapeStreamingProxy_2_1_0
800.0,-150.0,99.999,LandscapeStreamingProxy_2_1_0
800.0,-125.0,176.617,LandscapeStreamingProxy_2_1_0
800.0,-100.0,174.514,LandscapeStreamingProxy_2_1_0
800.0,-75.0,168.531,LandscapeStreamingProxy_2_1_0
800.0,-50.0,99.999,LandscapeStreamingProxy_2_1_0
800.0,-25.0,99.999,LandscapeStreamingProxy_2_1_0
800.0,0.0,167.381,LandscapeStreamingProxy_2_2_0
800.0,25.0,160.07,LandscapeStreamingProxy_2_2_0
800.0,50.0,167.273,LandscapeStreamingProxy_2_2_0
800.0,75.0,165.179,LandscapeStreamingProxy_2_2_0
800.0,100.0,151.812,LandscapeStreamingProxy_2_2_0
800.0,125.0,146.803,LandscapeStreamingProxy_2_2_0
800.0,150.0,139.318,LandscapeStreamingProxy_2_2_0
800.0,175.0,135.866,LandscapeStreamingProxy_2_2_0
800.0,200.0,99.999,LandscapeStreamingProxy_2_2_0
800.0,225.0,129.023,LandscapeStreamingProxy_2_2_0
800.0,250.0,129.015,LandscapeStreamingProxy_2_2_0
800.0,275.0,99.999,LandscapeStreamingProxy_2_2_0
800.0,300.0,110.241,LandscapeStreamingProxy_2_2_0
800.0,325.0,110.241,LandscapeStreamingProxy_2_2_0
800.0,350.0,0.0,LandscapeStreamingProxy_2_2_0
800.0,375.0,101.099,LandscapeStreamingProxy_2_2_0
800.0,400.0,0.0,LandscapeStreamingProxy_2_2_0
800.0,425.0,101.099,LandscapeStreamingProxy_2_2_0
800.0,450.0,0.0,LandscapeStreamingProxy_2_2_0
800.0,475.0,0.0,LandscapeStreamingProxy_2_2_0
800.0,500.0,0.0,LandscapeStreamingProxy_2_2_0
825.0,-500.0,118.476,LandscapeStreamingProxy_2_1_0
825.0,-475.0,118.492,LandscapeStreamingProxy_2_1_0
825.0,-450.0,118.5,LandscapeStreamingProxy_2_1_0
825.0,-425.0,118.5,LandscapeStreamingProxy_2_1_0
825.0,-400.0,118.5,LandscapeStreamingProxy_2_1_0
825.0,-375.0,118.5,LandscapeStreamingProxy_2_1_0
825.0,-350.0,118.5,LandscapeStreamingProxy_2_1_0
825.0,-325.0,118.5,LandscapeStreamingProxy_2_1_0
825.0,-300.0,118.5,LandscapeStreamingProxy_2_1_0
825.0,-275.0,118.5,LandscapeStreamingProxy_2_1_0
825.0,-250.0,118.5,LandscapeStreamingProxy_2_1_0
825.0,-225.0,118.5,LandscapeStreamingProxy_2_1_0
825.0,-200.0,166.046,LandscapeStreamingProxy_2_1_0
825.0,-175.0,168.491,LandscapeStreamingProxy_2_1_0
825.0,-150.0,175.819,LandscapeStreamingProxy_2_1_0
825.0,-125.0,99.999,LandscapeStreamingProxy_2_1_0
825.0,-100.0,99.999,LandscapeStreamingProxy_2_1_0
825.0,-75.0,166.327,LandscapeStreamingProxy_2_1_0
825.0,-50.0,99.999,LandscapeStreamingProxy_2_1_0
825.0,-25.0,161.092,LandscapeStreamingProxy_2_1_0
825.0,0.0,168.702,LandscapeStreamingProxy_2_1_0
825.0,25.0,157.147,LandscapeStreamingProxy_2_2_0
825.0,50.0,167.273,LandscapeStreamingProxy_2_2_0
825.0,75.0,152.256,LandscapeStreamingProxy_2_2_0
825.0,100.0,152.177,LandscapeStreamingProxy_2_2_0
825.0,125.0,146.061,LandscapeStreamingProxy_2_2_0
825.0,150.0,139.318,LandscapeStreamingProxy_2_2_0
825.0,175.0,99.999,LandscapeStreamingProxy_2_2_0
825.0,200.0,129.218,LandscapeStreamingProxy_2_2_0
825.0,225.0,99.999,LandscapeStreamingProxy_2_2_0
825.0,250.0,128.952,LandscapeStreamingProxy_2_2_0
825.0,275.0,107.374,LandscapeStreamingProxy_2_2_0
825.0,300.0,110.241,LandscapeStreamingProxy_2_2_0
825.0,325.0,0.0,LandscapeStreamingProxy_2_2_0
825.0,350.0,100.662,LandscapeStreamingProxy_2_2_0
825.0,375.0,0.0,LandscapeStreamingProxy_2_2_0
825.0,400.0,0.0,LandscapeStreamingProxy_2_2_0
825.0,425.0,0.0,LandscapeStreamingProxy_2_2_0
825.0,450.0,0.0,LandscapeStreamingProxy_2_2_0
825.0,475.0,0.0,LandscapeStreamingProxy_2_2_0
825.0,500.0,0.0,LandscapeStreamingProxy_2_2_0
850.0,-500.0,118.5,LandscapeStreamingProxy_2_1_0
850.0,-475.0,118.484,LandscapeStreamingProxy_2_1_0
850.0,-450.0,118.5,LandscapeStreamingProxy_2_1_0
850.0,-425.0,118.5,LandscapeStreamingProxy_2_1_0
850.0,-400.0,118.5,LandscapeStreamingProxy_2_1_0
850.0,-375.0,118.5,LandscapeStreamingProxy_2_1_0
850.0,-350.0,118.5,LandscapeStreamingProxy_2_1_0
850.0,-325.0,118.5,LandscapeStreamingProxy_2_1_0
850.0,-300.0,118.5,LandscapeStreamingProxy_2_1_0
850.0,-275.0,118.5,LandscapeStreamingProxy_2_1_0
850.0,-250.0,118.5,LandscapeStreamingProxy_2_1_0
850.0,-225.0,118.5,LandscapeStreamingProxy_2_1_0
850.0,-200.0,118.5,LandscapeStreamingProxy_2_1_0
850.0,-175.0,132.272,LandscapeStreamingProxy_2_1_0
850.0,-150.0,174.669,LandscapeStreamingProxy_2_1_0
850.0,-125.0,99.999,LandscapeStreamingProxy_2_1_0
850.0,-100.0,99.999,LandscapeStreamingProxy_2_1_0
850.0,-75.0,166.616,LandscapeStreamingProxy_2_1_0
850.0,-50.0,99.999,LandscapeStreamingProxy_2_1_0
850.0,-25.0,170.427,LandscapeStreamingProxy_2_1_0
850.0,0.0,99.865,LandscapeStreamingProxy_2_2_0
850.0,25.0,99.976,LandscapeStreamingProxy_2_2_0
850.0,50.0,99.999,LandscapeStreamingProxy_2_2_0
850.0,75.0,99.999,LandscapeStreamingProxy_2_2_0
850.0,100.0,151.562,LandscapeStreamingProxy_2_2_0
850.0,125.0,145.311,LandscapeStreamingProxy_2_2_0
850.0,150.0,139.318,LandscapeStreamingProxy_2_2_0
850.0,175.0,130.999,LandscapeStreamingProxy_2_2_0
850.0,200.0,99.999,LandscapeStreamingProxy_2_2_0
850.0,225.0,99.999,LandscapeStreamingProxy_2_2_0
850.0,250.0,99.999,LandscapeStreamingProxy_2_2_0
850.0,275.0,110.241,LandscapeStreamingProxy_2_2_0
850.0,300.0,81.765,LandscapeStreamingProxy_2_2_0
850.0,325.0,101.078,LandscapeStreamingProxy_2_2_0
850.0,350.0,0.0,LandscapeStreamingProxy_2_2_0
850.0,375.0,0.0,LandscapeStreamingProxy_2_2_0
850.0,400.0,0.0,LandscapeStreamingProxy_2_2_0
850.0,425.0,0.0,LandscapeStreamingProxy_2_2_0
850.0,450.0,0.0,LandscapeStreamingProxy_2_2_0
850.0,475.0,0.0,LandscapeStreamingProxy_2_2_0
850.0,500.0,0.0,LandscapeStreamingProxy_2_2_0
875.0,-500.0,118.492,LandscapeStreamingProxy_2_1_0
875.0,-475.0,118.5,LandscapeStreamingProxy_2_1_0
875.0,-450.0,118.5,LandscapeStreamingProxy_2_1_0
875.0,-425.0,118.5,LandscapeStreamingProxy_2_1_0
875.0,-400.0,118.5,LandscapeStreamingProxy_2_1_0
875.0,-375.0,118.5,LandscapeStreamingProxy_2_1_0
875.0,-350.0,118.5,LandscapeStreamingProxy_2_1_0
875.0,-325.0,118.5,LandscapeStreamingProxy_2_1_0
875.0,-300.0,118.5,LandscapeStreamingProxy_2_1_0
875.0,-275.0,117.671,LandscapeStreamingProxy_2_1_0
875.0,-250.0,118.5,LandscapeStreamingProxy_2_1_0
875.0,-225.0,118.5,LandscapeStreamingProxy_2_1_0
875.0,-200.0,118.5,LandscapeStreamingProxy_2_1_0
875.0,-175.0,118.5,LandscapeStreamingProxy_2_1_0
875.0,-150.0,172.936,LandscapeStreamingProxy_2_1_0
875.0,-125.0,172.623,LandscapeStreamingProxy_2_1_0
875.0,-100.0,172.623,LandscapeStreamingProxy_2_1_0
875.0,-75.0,172.623,LandscapeStreamingProxy_2_1_0
875.0,-50.0,150.803,LandscapeStreamingProxy_2_1_0
875.0,-25.0,171.748,LandscapeStreamingProxy_2_1_0
875.0,0.0,99.976,LandscapeStreamingProxy_2_2_0
875.0,25.0,99.999,LandscapeStreamingProxy_2_2_0
875.0,50.0,99.999,LandscapeStreamingProxy_2_2_0
875.0,75.0,99.999,LandscapeStreamingProxy_2_2_0
875.0,100.0,150.912,LandscapeStreamingProxy_2_2_0
875.0,125.0,144.569,LandscapeStreamingProxy_2_2_0
875.0,150.0,139.318,LandscapeStreamingProxy_2_2_0
875.0,175.0,129.357,LandscapeStreamingProxy_2_2_0
875.0,200.0,99.999,LandscapeStreamingProxy_2_2_0
875.0,225.0,99.999,LandscapeStreamingProxy_2_2_0
875.0,250.0,128.952,LandscapeStreamingProxy_2_2_0
875.0,275.0,110.241,LandscapeStreamingProxy_2_2_0
875.0,300.0,101.099,LandscapeStreamingProxy_2_2_0
875.0,325.0,0.0,LandscapeStreamingProxy_2_2_0
875.0,350.0,0.0,LandscapeStreamingProxy_2_2_0
875.0,375.0,0.0,LandscapeStreamingProxy_2_2_0
875.0,400.0,0.0,LandscapeStreamingProxy_2_2_0
875.0,425.0,0.0,LandscapeStreamingProxy_2_2_0
875.0,450.0,0.0,LandscapeStreamingProxy_2_2_0
875.0,475.0,0.0,LandscapeStreamingProxy_2_2_0
875.0,500.0,0.0,LandscapeStreamingProxy_2_2_0
900.0,-500.0,118.444,LandscapeStreamingProxy_2_1_0
900.0,-475.0,118.5,LandscapeStreamingProxy_2_1_0
900.0,-450.0,118.5,LandscapeStreamingProxy_2_1_0
900.0,-425.0,118.5,LandscapeStreamingProxy_2_1_0
900.0,-400.0,118.5,LandscapeStreamingProxy_2_1_0
900.0,-375.0,118.5,LandscapeStreamingProxy_2_1_0
900.0,-350.0,118.5,LandscapeStreamingProxy_2_1_0
900.0,-325.0,118.5,LandscapeStreamingProxy_2_1_0
900.0,-300.0,118.5,LandscapeStreamingProxy_2_1_0
900.0,-275.0,118.28,LandscapeStreamingProxy_2_1_0
900.0,-250.0,118.5,LandscapeStreamingProxy_2_1_0
900.0,-225.0,118.5,LandscapeStreamingProxy_2_1_0
900.0,-200.0,179.898,LandscapeStreamingProxy_2_1_0
900.0,-175.0,185.101,LandscapeStreamingProxy_2_1_0
900.0,-150.0,99.999,LandscapeStreamingProxy_2_1_0
900.0,-125.0,99.999,LandscapeStreamingProxy_2_1_0
900.0,-100.0,182.554,LandscapeStreamingProxy_2_1_0
900.0,-75.0,177.341,LandscapeStreamingProxy_2_1_0
900.0,-50.0,118.427,LandscapeStreamingProxy_2_1_0
900.0,-25.0,172.639,LandscapeStreamingProxy_2_1_0
900.0,0.0,167.656,LandscapeStreamingProxy_2_1_0
900.0,25.0,167.052,LandscapeStreamingProxy_2_2_0
900.0,50.0,163.43,LandscapeStreamingProxy_2_2_0
900.0,75.0,157.273,LandscapeStreamingProxy_2_2_0
900.0,100.0,141.138,LandscapeStreamingProxy_2_2_0
900.0,125.0,139.318,LandscapeStreamingProxy_2_2_0
900.0,150.0,139.318,LandscapeStreamingProxy_2_2_0
900.0,175.0,132.898,LandscapeStreamingProxy_2_2_0
900.0,200.0,99.999,LandscapeStreamingProxy_2_2_0
900.0,225.0,99.999,LandscapeStreamingProxy_2_2_0
900.0,250.0,110.241,LandscapeStreamingProxy_2_2_0
900.0,275.0,99.999,LandscapeStreamingProxy_2_2_0
900.0,300.0,0.0,LandscapeStreamingProxy_2_2_0
900.0,325.0,0.0,LandscapeStreamingProxy_2_2_0
900.0,350.0,0.0,LandscapeStreamingProxy_2_2_0
900.0,375.0,0.0,LandscapeStreamingProxy_2_2_0
900.0,400.0,0.0,LandscapeStreamingProxy_2_2_0
900.0,425.0,0.0,LandscapeStreamingProxy_2_2_0
900.0,450.0,0.0,LandscapeStreamingProxy_2_2_0
900.0,475.0,0.0,LandscapeStreamingProxy_2_2_0
900.0,500.0,0.0,LandscapeStreamingProxy_2_2_0
925.0,-500.0,113.42,LandscapeStreamingProxy_2_1_0
925.0,-475.0,118.382,LandscapeStreamingProxy_2_1_0
925.0,-450.0,118.5,LandscapeStreamingProxy_2_1_0
925.0,-425.0,118.5,LandscapeStreamingProxy_2_1_0
925.0,-400.0,118.5,LandscapeStreamingProxy_2_1_0
925.0,-375.0,118.5,LandscapeStreamingProxy_2_1_0
925.0,-350.0,118.5,LandscapeStreamingProxy_2_1_0
925.0,-325.0,118.5,LandscapeStreamingProxy_2_1_0
925.0,-300.0,118.492,LandscapeStreamingProxy_2_1_0
925.0,-275.0,118.5,LandscapeStreamingProxy_2_1_0
925.0,-250.0,118.5,LandscapeStreamingProxy_2_1_0
925.0,-225.0,118.5,LandscapeStreamingProxy_2_1_0
925.0,-200.0,181.335,LandscapeStreamingProxy_2_1_0
925.0,-175.0,99.999,LandscapeStreamingProxy_2_1_0
925.0,-150.0,185.101,LandscapeStreamingProxy_2_1_0
925.0,-125.0,99.999,LandscapeStreamingProxy_2_1_0
925.0,-100.0,185.178,LandscapeStreamingProxy_2_1_0
925.0,-75.0,99.999,LandscapeStreamingProxy_2_1_0
925.0,-50.0,116.646,LandscapeStreamingProxy_2_1_0
925.0,-25.0,172.81,LandscapeStreamingProxy_2_1_0
925.0,0.0,99.999,LandscapeStreamingProxy_2_2_0
925.0,25.0,166.179,LandscapeStreamingProxy_2_2_0
925.0,50.0,154.398,LandscapeStreamingProxy_2_2_0
925.0,75.0,157.476,LandscapeStreamingProxy_2_2_0
925.0,100.0,99.976,LandscapeStreamingProxy_2_2_0
925.0,125.0,99.999,LandscapeStreamingProxy_2_2_0
925.0,150.0,99.999,LandscapeStreamingProxy_2_2_0
925.0,175.0,99.999,LandscapeStreamingProxy_2_2_0
925.0,200.0,128.952,LandscapeStreamingProxy_2_2_0
925.0,225.0,99.999,LandscapeStreamingProxy_2_2_0
925.0,250.0,110.241,LandscapeStreamingProxy_2_2_0
925.0,275.0,110.099,LandscapeStreamingProxy_2_2_0
925.0,300.0,109.905,LandscapeStreamingProxy_2_2_0
925.0,325.0,109.507,LandscapeStreamingProxy_2_2_0
925.0,350.0,0.0,LandscapeStreamingProxy_2_2_0
925.0,375.0,0.0,LandscapeStreamingProxy_2_2_0
925.0,400.0,0.0,LandscapeStreamingProxy_2_2_0
925.0,425.0,0.0,LandscapeStreamingProxy_2_2_0
925.0,450.0,0.0,LandscapeStreamingProxy_2_2_0
925.0,475.0,0.0,LandscapeStreamingProxy_2_2_0
925.0,500.0,0.0,LandscapeStreamingProxy_2_2_0
950.0,-500.0,98.461,LandscapeStreamingProxy_2_1_0
950.0,-475.0,109.35,LandscapeStreamingProxy_2_1_0
950.0,-450.0,116.882,LandscapeStreamingProxy_2_1_0
950.0,-425.0,118.123,LandscapeStreamingProxy_2_1_0
950.0,-400.0,118.5,LandscapeStreamingProxy_2_1_0
950.0,-375.0,118.5,LandscapeStreamingProxy_2_1_0
950.0,-350.0,118.5,LandscapeStreamingProxy_2_1_0
950.0,-325.0,118.5,LandscapeStreamingProxy_2_1_0
950.0,-300.0,118.5,LandscapeStreamingProxy_2_1_0
950.0,-275.0,118.5,LandscapeStreamingProxy_2_1_0
950.0,-250.0,118.5,LandscapeStreamingProxy_2_1_0
950.0,-225.0,118.5,LandscapeStreamingProxy_2_1_0
950.0,-200.0,182.974,LandscapeStreamingProxy_2_1_0
950.0,-175.0,99.999,LandscapeStreamingProxy_2_1_0
950.0,-150.0,185.109,LandscapeStreamingProxy_2_1_0
950.0,-125.0,99.999,LandscapeStreamingProxy_2_1_0
950.0,-100.0,99.999,LandscapeStreamingProxy_2_1_0
950.0,-75.0,99.999,LandscapeStreamingProxy_2_1_0
950.0,-50.0,99.991,LandscapeStreamingProxy_2_1_0
950.0,-25.0,99.999,LandscapeStreamingProxy_2_1_0
950.0,0.0,99.999,LandscapeStreamingProxy_2_2_0
950.0,25.0,99.999,LandscapeStreamingProxy_2_2_0
950.0,50.0,99.999,LandscapeStreamingProxy_2_2_0
950.0,75.0,99.999,LandscapeStreamingProxy_2_2_0
950.0,100.0,154.398,LandscapeStreamingProxy_2_2_0
950.0,125.0,150.912,LandscapeStreamingProxy_2_2_0
950.0,150.0,99.999,LandscapeStreamingProxy_2_2_0
950.0,175.0,99.999,LandscapeStreamingProxy_2_2_0
950.0,200.0,99.999,LandscapeStreamingProxy_2_2_0
950.0,225.0,118.287,LandscapeStreamingProxy_2_2_0
950.0,250.0,110.241,LandscapeStreamingProxy_2_2_0
950.0,275.0,110.068,LandscapeStreamingProxy_2_2_0
950.0,300.0,109.873,LandscapeStreamingProxy_2_2_0
950.0,325.0,108.445,LandscapeStreamingProxy_2_2_0
950.0,350.0,105.148,LandscapeStreamingProxy_2_2_0
950.0,375.0,101.852,LandscapeStreamingProxy_2_2_0
950.0,400.0,98.56,LandscapeStreamingProxy_2_2_0
950.0,425.0,0.218,LandscapeStreamingProxy_2_2_0
950.0,450.0,0.0,LandscapeStreamingProxy_2_2_0
950.0,475.0,0.0,LandscapeStreamingProxy_2_2_0
950.0,500.0,0.0,LandscapeStreamingProxy_2_2_0
975.0,-500.0,97.998,LandscapeStreamingProxy_2_1_0
975.0,-475.0,98.498,LandscapeStreamingProxy_2_1_0
975.0,-450.0,98.498,LandscapeStreamingProxy_2_1_0
975.0,-425.0,116.515,LandscapeStreamingProxy_2_1_0
975.0,-400.0,118.5,LandscapeStreamingProxy_2_1_0
975.0,-375.0,118.5,LandscapeStreamingProxy_2_1_0
975.0,-350.0,118.5,LandscapeStreamingProxy_2_1_0
975.0,-325.0,118.5,LandscapeStreamingProxy_2_1_0
975.0,-300.0,118.5,LandscapeStreamingProxy_2_1_0
975.0,-275.0,118.5,LandscapeStreamingProxy_2_1_0
975.0,-250.0,118.5,LandscapeStreamingProxy_2_1_0
975.0,-225.0,118.5,LandscapeStreamingProxy_2_1_0
975.0,-200.0,184.609,LandscapeStreamingProxy_2_1_0
975.0,-175.0,99.999,LandscapeStreamingProxy_2_1_0
975.0,-150.0,99.999,LandscapeStreamingProxy_2_1_0
975.0,-125.0,99.999,LandscapeStreamingProxy_2_1_0
975.0,-100.0,99.999,LandscapeStreamingProxy_2_1_0
975.0,-75.0,185.077,LandscapeStreamingProxy_2_1_0
975.0,-50.0,173.171,LandscapeStreamingProxy_2_1_0
975.0,-25.0,99.999,LandscapeStreamingProxy_2_1_0
975.0,0.0,99.999,LandscapeStreamingProxy_2_2_0
975.0,25.0,99.999,LandscapeStreamingProxy_2_2_0
975.0,50.0,154.398,LandscapeStreamingProxy_2_2_0
975.0,75.0,154.398,LandscapeStreamingProxy_2_2_0
975.0,100.0,150.912,LandscapeStreamingProxy_2_2_0
975.0,125.0,140.312,LandscapeStreamingProxy_2_2_0
975.0,150.0,139.341,LandscapeStreamingProxy_2_2_0
975.0,175.0,139.084,LandscapeStreamingProxy_2_2_0
975.0,200.0,128.968,LandscapeStreamingProxy_2_2_0
975.0,225.0,118.584,LandscapeStreamingProxy_2_2_0
975.0,250.0,110.241,LandscapeStreamingProxy_2_2_0
975.0,275.0,106.248,LandscapeStreamingProxy_2_2_0
975.0,300.0,109.897,LandscapeStreamingProxy_2_2_0
975.0,325.0,0.0,LandscapeStreamingProxy_2_2_0
975.0,350.0,0.0,LandscapeStreamingProxy_2_2_0
975.0,375.0,100.789,LandscapeStreamingProxy_2_2_0
975.0,400.0,97.497,LandscapeStreamingProxy_2_2_0
975.0,425.0,94.201,LandscapeStreamingProxy_2_2_0
975.0,450.0,90.904,LandscapeStreamingProxy_2_2_0
975.0,475.0,87.616,LandscapeStreamingProxy_2_2_0
975.0,500.0,15.154,LandscapeStreamingProxy_2_2_0
1000.0,-500.0,69.983,LandscapeStreamingProxy_2_1_0
1000.0,-475.0,69.584,LandscapeStreamingProxy_2_1_0
1000.0,-450.0,97.428,LandscapeStreamingProxy_2_1_0
1000.0,-425.0,98.412,LandscapeStreamingProxy_2_1_0
1000.0,-400.0,111.257,LandscapeStreamingProxy_2_1_0
1000.0,-375.0,118.444,LandscapeStreamingProxy_2_1_0
1000.0,-350.0,118.5,LandscapeStreamingProxy_2_1_0
1000.0,-325.0,118.5,LandscapeStreamingProxy_2_1_0
1000.0,-300.0,118.326,LandscapeStreamingProxy_2_1_0
1000.0,-275.0,118.46,LandscapeStreamingProxy_2_1_0
1000.0,-250.0,118.5,LandscapeStreamingProxy_2_1_0
1000.0,-225.0,118.5,LandscapeStreamingProxy_2_1_0
1000.0,-200.0,185.101,LandscapeStreamingProxy_2_1_0
1000.0,-175.0,195.0,LandscapeStreamingProxy_2_1_0
1000.0,-150.0,194.585,LandscapeStreamingProxy_2_1_0
1000.0,-125.0,99.999,LandscapeStreamingProxy_2_1_0
1000.0,-100.0,99.999,LandscapeStreamingProxy_2_1_0
1000.0,-75.0,185.061,LandscapeStreamingProxy_2_1_0
1000.0,-50.0,174.092,LandscapeStreamingProxy_2_1_0
1000.0,-25.0,99.999,LandscapeStreamingProxy_2_1_0
1000.0,0.0,99.999,LandscapeStreamingProxy_2_2_0
1000.0,25.0,99.999,LandscapeStreamingProxy_2_2_0
1000.0,50.0,154.398,LandscapeStreamingProxy_2_2_0
1000.0,75.0,150.912,LandscapeStreamingProxy_2_2_0
1000.0,100.0,148.0,LandscapeStreamingProxy_2_2_0
1000.0,125.0,99.999,LandscapeStreamingProxy_2_2_0
1000.0,150.0,99.999,LandscapeStreamingProxy_2_2_0
1000.0,175.0,99.999,LandscapeStreamingProxy_2_2_0
1000.0,200.0,124.14,LandscapeStreamingProxy_2_2_0
1000.0,225.0,99.999,LandscapeStreamingProxy_2_2_0
1000.0,250.0,110.202,LandscapeStreamingProxy_2_2_0
1000.0,275.0,71.218,LandscapeStreamingProxy_2_2_0
1000.0,300.0,0.0,LandscapeStreamingProxy_2_2_0
1000.0,325.0,0.0,LandscapeStreamingProxy_2_2_0
1000.0,350.0,0.0,LandscapeStreamingProxy_2_2_0
1000.0,375.0,0.0,LandscapeStreamingProxy_2_2_0
1000.0,400.0,0.0,LandscapeStreamingProxy_2_2_0
1000.0,425.0,0.0,LandscapeStreamingProxy_2_2_0
1000.0,450.0,89.842,LandscapeStreamingProxy_2_2_0
1000.0,475.0,86.553,LandscapeStreamingProxy_2_2_0
1000.0,500.0,83.257,LandscapeStreamingProxy_2_2_0
1025.0,-500.0,69.999,LandscapeStreamingProxy_2_1_0
1025.0,-475.0,69.999,LandscapeStreamingProxy_2_1_0
1025.0,-450.0,69.999,LandscapeStreamingProxy_2_1_0
1025.0,-425.0,69.999,LandscapeStreamingProxy_2_1_0
1025.0,-400.0,95.49,LandscapeStreamingProxy_2_1_0
1025.0,-375.0,118.333,LandscapeStreamingProxy_2_1_0
1025.0,-350.0,118.5,LandscapeStreamingProxy_2_1_0
1025.0,-325.0,118.5,LandscapeStreamingProxy_2_1_0
1025.0,-300.0,118.5,LandscapeStreamingProxy_2_1_0
1025.0,-275.0,118.5,LandscapeStreamingProxy_2_1_0
1025.0,-250.0,118.5,LandscapeStreamingProxy_2_1_0
1025.0,-225.0,141.045,LandscapeStreamingProxy_2_1_0
1025.0,-200.0,187.874,LandscapeStreamingProxy_2_1_0
1025.0,-175.0,99.998,LandscapeStreamingProxy_2_1_0
1025.0,-150.0,99.998,LandscapeStreamingProxy_2_1_0
1025.0,-125.0,195.0,LandscapeStreamingProxy_2_1_0
1025.0,-100.0,99.998,LandscapeStreamingProxy_2_1_0
1025.0,-75.0,99.998,LandscapeStreamingProxy_2_1_0
1025.0,-50.0,176.344,LandscapeStreamingProxy_2_1_0
1025.0,-25.0,114.935,LandscapeStreamingProxy_2_1_0
1025.0,0.0,99.998,LandscapeStreamingProxy_2_1_0
1025.0,25.0,99.998,LandscapeStreamingProxy_2_2_0
1025.0,50.0,154.396,LandscapeStreamingProxy_2_2_0
1025.0,75.0,100.466,LandscapeStreamingProxy_2_2_0
1025.0,100.0,99.998,LandscapeStreamingProxy_2_2_0
1025.0,125.0,137.241,LandscapeStreamingProxy_2_2_0
1025.0,150.0,136.93,LandscapeStreamingProxy_2_2_0
1025.0,175.0,117.795,LandscapeStreamingProxy_2_2_0
1025.0,200.0,99.998,LandscapeStreamingProxy_2_2_0
1025.0,225.0,109.678,LandscapeStreamingProxy_2_2_0
1025.0,250.0,109.552,LandscapeStreamingProxy_2_2_0
1025.0,275.0,72.85,LandscapeStreamingProxy_2_2_0
1025.0,300.0,0.0,LandscapeStreamingProxy_2_2_0
1025.0,325.0,0.0,LandscapeStreamingProxy_2_2_0
1025.0,350.0,0.0,LandscapeStreamingProxy_2_2_0
1025.0,375.0,0.0,LandscapeStreamingProxy_2_2_0
1025.0,400.0,0.0,LandscapeStreamingProxy_2_2_0
1025.0,425.0,0.0,LandscapeStreamingProxy_2_2_0
1025.0,450.0,0.0,LandscapeStreamingProxy_2_2_0
1025.0,475.0,0.0,LandscapeStreamingProxy_2_2_0
1025.0,500.0,0.0,LandscapeStreamingProxy_2_2_0
1050.0,-500.0,69.999,LandscapeStreamingProxy_2_1_0
1050.0,-475.0,69.999,LandscapeStreamingProxy_2_1_0
1050.0,-450.0,69.999,LandscapeStreamingProxy_2_1_0
1050.0,-425.0,69.999,LandscapeStreamingProxy_2_1_0
1050.0,-400.0,69.999,LandscapeStreamingProxy_2_1_0
1050.0,-375.0,118.5,LandscapeStreamingProxy_2_1_0
1050.0,-350.0,118.5,LandscapeStreamingProxy_2_1_0
1050.0,-325.0,118.5,LandscapeStreamingProxy_2_1_0
1050.0,-300.0,118.5,LandscapeStreamingProxy_2_1_0
1050.0,-275.0,118.5,LandscapeStreamingProxy_2_1_0
1050.0,-250.0,118.5,LandscapeStreamingProxy_2_1_0
1050.0,-225.0,189.686,LandscapeStreamingProxy_2_1_0
1050.0,-200.0,118.5,LandscapeStreamingProxy_2_1_0
1050.0,-175.0,99.998,LandscapeStreamingProxy_2_1_0
1050.0,-150.0,99.998,LandscapeStreamingProxy_2_1_0
1050.0,-125.0,99.998,LandscapeStreamingProxy_2_1_0
1050.0,-100.0,99.998,LandscapeStreamingProxy_2_1_0
1050.0,-75.0,99.998,LandscapeStreamingProxy_2_1_0
1050.0,-50.0,178.599,LandscapeStreamingProxy_2_1_0
1050.0,-25.0,99.998,LandscapeStreamingProxy_2_1_0
1050.0,0.0,162.061,LandscapeStreamingProxy_2_1_0
1050.0,25.0,99.998,LandscapeStreamingProxy_2_2_0
1050.0,50.0,154.396,LandscapeStreamingProxy_2_2_0
1050.0,75.0,99.998,LandscapeStreamingProxy_2_2_0
1050.0,100.0,146.624,LandscapeStreamingProxy_2_2_0
1050.0,125.0,136.405,LandscapeStreamingProxy_2_2_0
1050.0,150.0,99.998,LandscapeStreamingProxy_2_2_0
1050.0,175.0,99.998,LandscapeStreamingProxy_2_2_0
1050.0,200.0,99.998,LandscapeStreamingProxy_2_2_0
1050.0,225.0,110.085,LandscapeStreamingProxy_2_2_0
1050.0,250.0,109.897,LandscapeStreamingProxy_2_2_0
1050.0,275.0,109.897,LandscapeStreamingProxy_2_2_0
1050.0,300.0,0.0,LandscapeStreamingProxy_2_2_0
1050.0,325.0,0.0,LandscapeStreamingProxy_2_2_0
1050.0,350.0,0.0,LandscapeStreamingProxy_2_2_0
1050.0,375.0,0.0,LandscapeStreamingProxy_2_2_0
1050.0,400.0,0.0,LandscapeStreamingProxy_2_2_0
1050.0,425.0,0.0,LandscapeStreamingProxy_2_2_0
1050.0,450.0,0.0,LandscapeStreamingProxy_2_2_0
1050.0,475.0,0.0,LandscapeStreamingProxy_2_2_0
1050.0,500.0,0.0,LandscapeStreamingProxy_2_2_0
1075.0,-500.0,69.999,LandscapeStreamingProxy_2_1_0
1075.0,-475.0,69.999,LandscapeStreamingProxy_2_1_0
1075.0,-450.0,69.999,LandscapeStreamingProxy_2_1_0
1075.0,-425.0,69.999,LandscapeStreamingProxy_2_1_0
1075.0,-400.0,69.999,LandscapeStreamingProxy_2_1_0
1075.0,-375.0,118.187,LandscapeStreamingProxy_2_1_0
1075.0,-350.0,118.5,LandscapeStreamingProxy_2_1_0
1075.0,-325.0,118.5,LandscapeStreamingProxy_2_1_0
1075.0,-300.0,118.5,LandscapeStreamingProxy_2_1_0
1075.0,-275.0,118.5,LandscapeStreamingProxy_2_1_0
1075.0,-250.0,118.5,LandscapeStreamingProxy_2_1_0
1075.0,-225.0,118.5,LandscapeStreamingProxy_2_1_0
1075.0,-200.0,190.037,LandscapeStreamingProxy_2_1_0
1075.0,-175.0,195.0,LandscapeStreamingProxy_2_1_0
1075.0,-150.0,99.998,LandscapeStreamingProxy_2_1_0
1075.0,-125.0,99.998,LandscapeStreamingProxy_2_1_0
1075.0,-100.0,99.998,LandscapeStreamingProxy_2_1_0
1075.0,-75.0,99.998,LandscapeStreamingProxy_2_1_0
1075.0,-50.0,180.857,LandscapeStreamingProxy_2_1_0
1075.0,-25.0,99.998,LandscapeStreamingProxy_2_1_0
1075.0,0.0,99.998,LandscapeStreamingProxy_2_1_0
1075.0,25.0,156.858,LandscapeStreamingProxy_2_2_0
1075.0,50.0,159.037,LandscapeStreamingProxy_2_2_0
1075.0,75.0,148.185,LandscapeStreamingProxy_2_2_0
1075.0,100.0,99.998,LandscapeStreamingProxy_2_2_0
1075.0,125.0,123.374,LandscapeStreamingProxy_2_2_0
1075.0,150.0,126.6,LandscapeStreamingProxy_2_2_0
1075.0,175.0,99.998,LandscapeStreamingProxy_2_2_0
1075.0,200.0,110.24,LandscapeStreamingProxy_2_2_0
1075.0,225.0,110.234,LandscapeStreamingProxy_2_2_0
1075.0,250.0,9.608,LandscapeStreamingProxy_2_2_0
1075.0,275.0,109.867,LandscapeStreamingProxy_2_2_0
1075.0,300.0,0.0,LandscapeStreamingProxy_2_2_0
1075.0,325.0,0.0,LandscapeStreamingProxy_2_2_0
1075.0,350.0,0.0,LandscapeStreamingProxy_2_2_0
1075.0,375.0,0.0,LandscapeStreamingProxy_2_2_0
1075.0,400.0,0.0,LandscapeStreamingProxy_2_2_0
1075.0,425.0,0.0,LandscapeStreamingProxy_2_2_0
1075.0,450.0,0.0,LandscapeStreamingProxy_2_2_0
1075.0,475.0,0.0,LandscapeStreamingProxy_2_2_0
1075.0,500.0,0.0,LandscapeStreamingProxy_2_2_0
1100.0,-500.0,69.999,LandscapeStreamingProxy_2_1_0
1100.0,-475.0,69.999,LandscapeStreamingProxy_2_1_0
1100.0,-450.0,69.999,LandscapeStreamingProxy_2_1_0
1100.0,-425.0,69.999,LandscapeStreamingProxy_2_1_0
1100.0,-400.0,69.999,LandscapeStreamingProxy_2_1_0
1100.0,-375.0,69.999,LandscapeStreamingProxy_2_1_0
1100.0,-350.0,118.5,LandscapeStreamingProxy_2_1_0
1100.0,-325.0,118.5,LandscapeStreamingProxy_2_1_0
1100.0,-300.0,118.5,LandscapeStreamingProxy_2_1_0
1100.0,-275.0,118.5,LandscapeStreamingProxy_2_1_0
1100.0,-250.0,118.5,LandscapeStreamingProxy_2_1_0
1100.0,-225.0,118.5,LandscapeStreamingProxy_2_1_0
1100.0,-200.0,118.5,LandscapeStreamingProxy_2_1_0
1100.0,-175.0,188.341,LandscapeStreamingProxy_2_1_0
1100.0,-150.0,194.976,LandscapeStreamingProxy_2_1_0
1100.0,-125.0,195.0,LandscapeStreamingProxy_2_1_0
1100.0,-100.0,185.1,LandscapeStreamingProxy_2_1_0
1100.0,-75.0,181.429,LandscapeStreamingProxy_2_1_0
1100.0,-50.0,183.107,LandscapeStreamingProxy_2_1_0
1100.0,-25.0,173.999,LandscapeStreamingProxy_2_1_0
1100.0,0.0,104.709,LandscapeStreamingProxy_2_2_0
1100.0,25.0,156.763,LandscapeStreamingProxy_2_2_0
1100.0,50.0,134.709,LandscapeStreamingProxy_2_2_0
1100.0,75.0,144.263,LandscapeStreamingProxy_2_2_0
1100.0,100.0,135.138,LandscapeStreamingProxy_2_2_0
1100.0,125.0,125.983,LandscapeStreamingProxy_2_2_0
1100.0,150.0,120.078,LandscapeStreamingProxy_2_2_0
1100.0,175.0,110.234,LandscapeStreamingProxy_2_2_0
1100.0,200.0,110.24,LandscapeStreamingProxy_2_2_0
1100.0,225.0,109.897,LandscapeStreamingProxy_2_2_0
1100.0,250.0,0.0,LandscapeStreamingProxy_2_2_0
1100.0,275.0,0.0,LandscapeStreamingProxy_2_2_0
1100.0,300.0,0.0,LandscapeStreamingProxy_2_2_0
1100.0,325.0,0.0,LandscapeStreamingProxy_2_2_0
1100.0,350.0,0.0,LandscapeStreamingProxy_2_2_0
1100.0,375.0,0.0,LandscapeStreamingProxy_2_2_0
1100.0,400.0,0.0,LandscapeStreamingProxy_2_2_0
1100.0,425.0,0.0,LandscapeStreamingProxy_2_2_0
1100.0,450.0,0.0,LandscapeStreamingProxy_2_2_0
1100.0,475.0,0.0,LandscapeStreamingProxy_2_2_0
1100.0,500.0,0.0,LandscapeStreamingProxy_2_2_0
1125.0,-500.0,69.999,LandscapeStreamingProxy_2_1_0
1125.0,-475.0,69.913,LandscapeStreamingProxy_2_1_0
1125.0,-450.0,69.999,LandscapeStreamingProxy_2_1_0
1125.0,-425.0,69.999,LandscapeStreamingProxy_2_1_0
1125.0,-400.0,69.999,LandscapeStreamingProxy_2_1_0
1125.0,-375.0,110.1,LandscapeStreamingProxy_2_1_0
1125.0,-350.0,110.1,LandscapeStreamingProxy_2_1_0
1125.0,-325.0,118.5,LandscapeStreamingProxy_2_1_0
1125.0,-300.0,118.5,LandscapeStreamingProxy_2_1_0
1125.0,-275.0,118.5,LandscapeStreamingProxy_2_1_0
1125.0,-250.0,118.5,LandscapeStreamingProxy_2_1_0
1125.0,-225.0,118.5,LandscapeStreamingProxy_2_1_0
1125.0,-200.0,118.5,LandscapeStreamingProxy_2_1_0
1125.0,-175.0,118.5,LandscapeStreamingProxy_2_1_0
1125.0,-150.0,186.639,LandscapeStreamingProxy_2_1_0
1125.0,-125.0,166.155,LandscapeStreamingProxy_2_1_0
1125.0,-100.0,184.169,LandscapeStreamingProxy_2_1_0
1125.0,-75.0,184.357,LandscapeStreamingProxy_2_1_0
1125.0,-50.0,184.357,LandscapeStreamingProxy_2_1_0
1125.0,-25.0,184.357,LandscapeStreamingProxy_2_1_0
1125.0,0.0,179.912,LandscapeStreamingProxy_2_2_0
1125.0,25.0,99.998,LandscapeStreamingProxy_2_2_0
1125.0,50.0,134.857,LandscapeStreamingProxy_2_2_0
1125.0,75.0,134.857,LandscapeStreamingProxy_2_2_0
1125.0,100.0,99.998,LandscapeStreamingProxy_2_2_0
1125.0,125.0,99.998,LandscapeStreamingProxy_2_2_0
1125.0,150.0,99.998,LandscapeStreamingProxy_2_2_0
1125.0,175.0,110.24,LandscapeStreamingProxy_2_2_0
1125.0,200.0,63.734,LandscapeStreamingProxy_2_2_0
1125.0,225.0,109.897,LandscapeStreamingProxy_2_2_0
1125.0,250.0,109.897,LandscapeStreamingProxy_2_2_0
1125.0,275.0,0.0,LandscapeStreamingProxy_2_2_0
1125.0,300.0,109.897,LandscapeStreamingProxy_2_2_0
1125.0,325.0,0.0,LandscapeStreamingProxy_2_2_0
1125.0,350.0,0.0,LandscapeStreamingProxy_2_2_0
1125.0,375.0,0.0,LandscapeStreamingProxy_2_2_0
1125.0,400.0,0.0,LandscapeStreamingProxy_2_2_0
1125.0,425.0,0.0,LandscapeStreamingProxy_2_2_0
1125.0,450.0,0.0,LandscapeStreamingProxy_2_2_0
1125.0,475.0,0.0,LandscapeStreamingProxy_2_2_0
1125.0,500.0,0.0,LandscapeStreamingProxy_2_2_0
1150.0,-500.0,67.865,LandscapeStreamingProxy_2_1_0
1150.0,-475.0,63.146,LandscapeStreamingProxy_2_1_0
1150.0,-450.0,53.482,LandscapeStreamingProxy_2_1_0
1150.0,-425.0,69.921,LandscapeStreamingProxy_2_1_0
1150.0,-400.0,69.984,LandscapeStreamingProxy_2_1_0
1150.0,-375.0,110.1,LandscapeStreamingProxy_2_1_0
1150.0,-350.0,0.0,LandscapeStreamingProxy_2_1_0
1150.0,-325.0,115.209,LandscapeStreamingProxy_2_1_0
1150.0,-300.0,99.998,LandscapeStreamingProxy_2_1_0
1150.0,-275.0,118.5,LandscapeStreamingProxy_2_1_0
1150.0,-250.0,118.5,LandscapeStreamingProxy_2_1_0
1150.0,-225.0,118.5,LandscapeStreamingProxy_2_1_0
1150.0,-200.0,118.5,LandscapeStreamingProxy_2_1_0
1150.0,-175.0,118.5,LandscapeStreamingProxy_2_1_0
1150.0,-150.0,174.359,LandscapeStreamingProxy_2_1_0
1150.0,-125.0,184.943,LandscapeStreamingProxy_2_1_0
1150.0,-100.0,184.357,LandscapeStreamingProxy_2_1_0
1150.0,-75.0,184.357,LandscapeStreamingProxy_2_1_0
1150.0,-50.0,184.357,LandscapeStreamingProxy_2_1_0
1150.0,-25.0,184.357,LandscapeStreamingProxy_2_1_0
1150.0,0.0,174.359,LandscapeStreamingProxy_2_1_0
1150.0,25.0,134.835,LandscapeStreamingProxy_2_2_0
1150.0,50.0,156.617,LandscapeStreamingProxy_2_2_0
1150.0,75.0,134.709,LandscapeStreamingProxy_2_2_0
1150.0,100.0,134.857,LandscapeStreamingProxy_2_2_0
1150.0,125.0,99.998,LandscapeStreamingProxy_2_2_0
1150.0,150.0,110.24,LandscapeStreamingProxy_2_2_0
1150.0,175.0,70.037,LandscapeStreamingProxy_2_2_0
1150.0,200.0,109.897,LandscapeStreamingProxy_2_2_0
1150.0,225.0,0.0,LandscapeStreamingProxy_2_2_0
1150.0,250.0,109.897,LandscapeStreamingProxy_2_2_0
1150.0,275.0,109.867,LandscapeStreamingProxy_2_2_0
1150.0,300.0,0.0,LandscapeStreamingProxy_2_2_0
1150.0,325.0,109.867,LandscapeStreamingProxy_2_2_0
1150.0,350.0,0.0,LandscapeStreamingProxy_2_2_0
1150.0,375.0,0.0,LandscapeStreamingProxy_2_2_0
1150.0,400.0,0.0,LandscapeStreamingProxy_2_2_0
1150.0,425.0,0.0,LandscapeStreamingProxy_2_2_0
1150.0,450.0,0.0,LandscapeStreamingProxy_2_2_0
1150.0,475.0,0.0,LandscapeStreamingProxy_2_2_0
1150.0,500.0,0.0,LandscapeStreamingProxy_2_2_0
1175.0,-500.0,45.677,LandscapeStreamingProxy_2_1_0
1175.0,-475.0,46.888,LandscapeStreamingProxy_2_1_0
1175.0,-450.0,33.406,LandscapeStreamingProxy_2_1_0
1175.0,-425.0,5.903,LandscapeStreamingProxy_2_1_0
1175.0,-400.0,0.0,LandscapeStreamingProxy_2_1_0
1175.0,-375.0,0.0,LandscapeStreamingProxy_2_1_0
1175.0,-350.0,102.56,LandscapeStreamingProxy_2_1_0
1175.0,-325.0,96.686,LandscapeStreamingProxy_2_1_0
1175.0,-300.0,99.998,LandscapeStreamingProxy_2_1_0
1175.0,-275.0,125.2,LandscapeStreamingProxy_2_1_0
1175.0,-250.0,117.788,LandscapeStreamingProxy_2_1_0
1175.0,-225.0,118.5,LandscapeStreamingProxy_2_1_0
1175.0,-200.0,118.5,LandscapeStreamingProxy_2_1_0
1175.0,-175.0,118.5,LandscapeStreamingProxy_2_1_0
1175.0,-150.0,130.646,LandscapeStreamingProxy_2_1_0
1175.0,-125.0,174.359,LandscapeStreamingProxy_2_1_0
1175.0,-100.0,184.357,LandscapeStreamingProxy_2_1_0
1175.0,-75.0,184.357,LandscapeStreamingProxy_2_1_0
1175.0,-50.0,184.357,LandscapeStreamingProxy_2_1_0
1175.0,-25.0,174.359,LandscapeStreamingProxy_2_1_0
1175.0,0.0,174.359,LandscapeStreamingProxy_2_1_0
1175.0,25.0,164.279,LandscapeStreamingProxy_2_2_0
1175.0,50.0,156.763,LandscapeStreamingProxy_2_2_0
1175.0,75.0,134.709,LandscapeStreamingProxy_2_2_0
1175.0,100.0,99.998,LandscapeStreamingProxy_2_2_0
1175.0,125.0,110.161,LandscapeStreamingProxy_2_2_0
1175.0,150.0,109.928,LandscapeStreamingProxy_2_2_0
1175.0,175.0,109.897,LandscapeStreamingProxy_2_2_0
1175.0,200.0,109.897,LandscapeStreamingProxy_2_2_0
1175.0,225.0,109.897,LandscapeStreamingProxy_2_2_0
1175.0,250.0,0.0,LandscapeStreamingProxy_2_2_0
1175.0,275.0,0.0,LandscapeStreamingProxy_2_2_0
1175.0,300.0,109.897,LandscapeStreamingProxy_2_2_0
1175.0,325.0,109.897,LandscapeStreamingProxy_2_2_0
1175.0,350.0,0.0,LandscapeStreamingProxy_2_2_0
1175.0,375.0,0.0,LandscapeStreamingProxy_2_2_0
1175.0,400.0,0.0,LandscapeStreamingProxy_2_2_0
1175.0,425.0,0.0,LandscapeStreamingProxy_2_2_0
1175.0,450.0,0.0,LandscapeStreamingProxy_2_2_0
1175.0,475.0,0.0,LandscapeStreamingProxy_2_2_0
1175.0,500.0,0.0,LandscapeStreamingProxy_2_2_0
1200.0,-500.0,0.0,LandscapeStreamingProxy_2_1_0
1200.0,-475.0,0.0,LandscapeStreamingProxy_2_1_0
1200.0,-450.0,0.0,LandscapeStreamingProxy_2_1_0
1200.0,-425.0,0.0,LandscapeStreamingProxy_2_1_0
1200.0,-400.0,0.0,LandscapeStreamingProxy_2_1_0
1200.0,-375.0,0.0,LandscapeStreamingProxy_2_1_0
1200.0,-350.0,0.0,LandscapeStreamingProxy_2_1_0
1200.0,-325.0,0.0,LandscapeStreamingProxy_2_1_0
1200.0,-300.0,87.757,LandscapeStreamingProxy_2_1_0
1200.0,-275.0,81.88,LandscapeStreamingProxy_2_1_0
1200.0,-250.0,99.998,LandscapeStreamingProxy_2_1_0
1200.0,-225.0,135.201,LandscapeStreamingProxy_2_1_0
1200.0,-200.0,118.366,LandscapeStreamingProxy_2_1_0
1200.0,-175.0,110.912,LandscapeStreamingProxy_2_1_0
1200.0,-150.0,134.678,LandscapeStreamingProxy_2_1_0
1200.0,-125.0,174.359,LandscapeStreamingProxy_2_1_0
1200.0,-100.0,174.398,LandscapeStreamingProxy_2_1_0
1200.0,-75.0,184.357,LandscapeStreamingProxy_2_1_0
1200.0,-50.0,184.357,LandscapeStreamingProxy_2_1_0
1200.0,-25.0,174.359,LandscapeStreamingProxy_2_1_0
1200.0,0.0,174.359,LandscapeStreamingProxy_2_1_0
1200.0,25.0,153.203,LandscapeStreamingProxy_2_2_0
1200.0,50.0,68.139,LandscapeStreamingProxy_2_2_0
1200.0,75.0,134.857,LandscapeStreamingProxy_2_2_0
1200.0,100.0,99.998,LandscapeStreamingProxy_2_2_0
1200.0,125.0,110.234,LandscapeStreamingProxy_2_2_0
1200.0,150.0,35.084,LandscapeStreamingProxy_2_2_0
1200.0,175.0,0.0,LandscapeStreamingProxy_2_2_0
1200.0,200.0,0.0,LandscapeStreamingProxy_2_2_0
1200.0,225.0,0.0,LandscapeStreamingProxy_2_2_0
1200.0,250.0,0.0,LandscapeStreamingProxy_2_2_0
1200.0,275.0,0.0,LandscapeStreamingProxy_2_2_0
1200.0,300.0,0.0,LandscapeStreamingProxy_2_2_0
1200.0,325.0,0.0,LandscapeStreamingProxy_2_2_0
1200.0,350.0,0.0,LandscapeStreamingProxy_2_2_0
1200.0,375.0,0.0,LandscapeStreamingProxy_2_2_0
1200.0,400.0,109.897,LandscapeStreamingProxy_2_2_0
1200.0,425.0,109.897,LandscapeStreamingProxy_2_2_0
1200.0,450.0,0.0,LandscapeStreamingProxy_2_2_0
1200.0,475.0,0.0,LandscapeStreamingProxy_2_2_0
1200.0,500.0,0.0,LandscapeStreamingProxy_2_2_0
